[2026-08-16T00:09:37.463Z] Starting dev server with command: pnpm run dev
[2026-08-16T00:09:38.500Z] > asternal-engine@1.0.0 dev /home/ubuntu/asternal-engine
[2026-08-16T00:09:38.500Z] > vite --host
[2026-08-16T00:09:38.757Z] VITE v7.1.9  ready in 234 ms
[2026-08-16T00:09:38.757Z] ➜  Local:   http://localhost:3000/
[2026-08-16T00:09:38.757Z] ➜  Network: http://169.254.0.21:3000/
[2026-08-16T00:10:21.038Z] 12:10:21 AM [vite] vite.config.ts changed, restarting server...
[2026-08-16T00:10:21.039Z] 12:10:21 AM [vite] (client) page reload index.html
[2026-08-16T00:10:21.045Z] 12:10:21 AM [vite] server restarted.
[2026-08-16T00:10:21.045Z] ➜  Local:   http://localhost:5173/
[2026-08-16T00:10:21.045Z] ➜  Network: http://169.254.0.21:5173/
[2026-08-16T00:10:21.078Z] 12:10:21 AM [vite] (client) page reload index.html
[2026-08-16T00:10:21.085Z] 12:10:21 AM [vite] (client) page reload isolate/index.html
[2026-08-16T00:10:21.085Z] 12:10:21 AM [vite] changed tsconfig file detected: /home/ubuntu/asternal-engine/tsconfig.json - Clearing cache and forcing full-reload to ensure TypeScript is compiled with updated config values.
[2026-08-16T00:12:14.715Z] ELIFECYCLE  Command failed.
[2026-08-16T00:12:14.738Z] Dev server exited with code -1
[2026-08-16T00:12:15.821Z] Starting dev server with command: pnpm run dev
[2026-08-16T00:12:16.357Z] [WARN] Moving @eslint/js that was installed by a different package manager to "node_modules/.ignored"
[2026-08-16T00:12:16.358Z] [WARN] Moving @types/node that was installed by a different package manager to "node_modules/.ignored"
[2026-08-16T00:12:16.358Z] [WARN] Moving @types/react that was installed by a different package manager to "node_modules/.ignored"
[2026-08-16T00:12:16.358Z] [WARN] Moving @types/react-dom that was installed by a different package manager to "node_modules/.ignored"
[2026-08-16T00:12:16.358Z] [WARN] Moving @vitejs/plugin-react that was installed by a different package manager to "node_modules/.ignored"
[2026-08-16T00:12:16.358Z] [WARN] Moving eslint that was installed by a different package manager to "node_modules/.ignored"
[2026-08-16T00:12:16.358Z] [WARN] Moving eslint-plugin-react-hooks that was installed by a different package manager to "node_modules/.ignored"
[2026-08-16T00:12:16.358Z] [WARN] Moving eslint-config-prettier that was installed by a different package manager to "node_modules/.ignored"
[2026-08-16T00:12:16.358Z] [WARN] Moving eslint-plugin-react-refresh that was installed by a different package manager to "node_modules/.ignored"
[2026-08-16T00:12:16.359Z] [WARN] Moving globals that was installed by a different package manager to "node_modules/.ignored"
[2026-08-16T00:12:16.359Z] [WARN] Moving prettier that was installed by a different package manager to "node_modules/.ignored"
[2026-08-16T00:12:16.359Z] [WARN] Moving tw-animate-css that was installed by a different package manager to "node_modules/.ignored"
[2026-08-16T00:12:16.359Z] [WARN] Moving typescript that was installed by a different package manager to "node_modules/.ignored"
[2026-08-16T00:12:16.359Z] [WARN] Moving typescript-eslint that was installed by a different package manager to "node_modules/.ignored"
[2026-08-16T00:12:16.359Z] [WARN] Moving vite that was installed by a different package manager to "node_modules/.ignored"
[2026-08-16T00:12:16.359Z] [WARN] Moving @hookform/resolvers that was installed by a different package manager to "node_modules/.ignored"
[2026-08-16T00:12:16.359Z] [WARN] Moving @radix-ui/react-accordion that was installed by a different package manager to "node_modules/.ignored"
[2026-08-16T00:12:16.359Z] [WARN] Moving @radix-ui/react-alert-dialog that was installed by a different package manager to "node_modules/.ignored"
[2026-08-16T00:12:16.359Z] [WARN] Moving @radix-ui/react-aspect-ratio that was installed by a different package manager to "node_modules/.ignored"
[2026-08-16T00:12:16.359Z] [WARN] Moving @radix-ui/react-avatar that was installed by a different package manager to "node_modules/.ignored"
[2026-08-16T00:12:16.359Z] [WARN] Moving @radix-ui/react-checkbox that was installed by a different package manager to "node_modules/.ignored"
[2026-08-16T00:12:16.359Z] [WARN] Moving @radix-ui/react-collapsible that was installed by a different package manager to "node_modules/.ignored"
[2026-08-16T00:12:16.359Z] [WARN] Moving @radix-ui/react-context-menu that was installed by a different package manager to "node_modules/.ignored"
[2026-08-16T00:12:16.359Z] [WARN] Moving @radix-ui/react-dialog that was installed by a different package manager to "node_modules/.ignored"
[2026-08-16T00:12:16.359Z] [WARN] Moving @radix-ui/react-dropdown-menu that was installed by a different package manager to "node_modules/.ignored"
[2026-08-16T00:12:16.359Z] [WARN] Moving @radix-ui/react-hover-card that was installed by a different package manager to "node_modules/.ignored"
[2026-08-16T00:12:16.360Z] [WARN] Moving @radix-ui/react-label that was installed by a different package manager to "node_modules/.ignored"
[2026-08-16T00:12:16.360Z] [WARN] Moving @radix-ui/react-menubar that was installed by a different package manager to "node_modules/.ignored"
[2026-08-16T00:12:16.360Z] [WARN] Moving @radix-ui/react-navigation-menu that was installed by a different package manager to "node_modules/.ignored"
[2026-08-16T00:12:16.360Z] [WARN] Moving @radix-ui/react-popover that was installed by a different package manager to "node_modules/.ignored"
[2026-08-16T00:12:16.360Z] [WARN] Moving @radix-ui/react-progress that was installed by a different package manager to "node_modules/.ignored"
[2026-08-16T00:12:16.360Z] [WARN] Moving @radix-ui/react-scroll-area that was installed by a different package manager to "node_modules/.ignored"
[2026-08-16T00:12:16.360Z] [WARN] Moving @radix-ui/react-radio-group that was installed by a different package manager to "node_modules/.ignored"
[2026-08-16T00:12:16.360Z] [WARN] Moving @radix-ui/react-select that was installed by a different package manager to "node_modules/.ignored"
[2026-08-16T00:12:16.360Z] [WARN] Moving @radix-ui/react-separator that was installed by a different package manager to "node_modules/.ignored"
[2026-08-16T00:12:16.360Z] [WARN] Moving @radix-ui/react-slider that was installed by a different package manager to "node_modules/.ignored"
[2026-08-16T00:12:16.360Z] [WARN] Moving @radix-ui/react-slot that was installed by a different package manager to "node_modules/.ignored"
[2026-08-16T00:12:16.360Z] [WARN] Moving @radix-ui/react-switch that was installed by a different package manager to "node_modules/.ignored"
[2026-08-16T00:12:16.360Z] [WARN] Moving @radix-ui/react-tabs that was installed by a different package manager to "node_modules/.ignored"
[2026-08-16T00:12:16.360Z] [WARN] Moving @radix-ui/react-toggle that was installed by a different package manager to "node_modules/.ignored"
[2026-08-16T00:12:16.360Z] [WARN] Moving @radix-ui/react-toggle-group that was installed by a different package manager to "node_modules/.ignored"
[2026-08-16T00:12:16.360Z] [WARN] Moving @radix-ui/react-tooltip that was installed by a different package manager to "node_modules/.ignored"
[2026-08-16T00:12:16.360Z] [WARN] Moving @supabase/supabase-js that was installed by a different package manager to "node_modules/.ignored"
[2026-08-16T00:12:16.360Z] [WARN] Moving @stripe/stripe-js that was installed by a different package manager to "node_modules/.ignored"
[2026-08-16T00:12:16.360Z] [WARN] Moving @tailwindcss/vite that was installed by a different package manager to "node_modules/.ignored"
[2026-08-16T00:12:16.360Z] [WARN] Moving @tanstack/react-query that was installed by a different package manager to "node_modules/.ignored"
[2026-08-16T00:12:16.361Z] [WARN] Moving @tanstack/react-router that was installed by a different package manager to "node_modules/.ignored"
[2026-08-16T00:12:16.361Z] [WARN] Moving @vly-ai/integrations that was installed by a different package manager to "node_modules/.ignored"
[2026-08-16T00:12:16.361Z] [WARN] Moving class-variance-authority that was installed by a different package manager to "node_modules/.ignored"
[2026-08-16T00:12:16.361Z] [WARN] Moving clsx that was installed by a different package manager to "node_modules/.ignored"
[2026-08-16T00:12:16.361Z] [WARN] Moving cmdk that was installed by a different package manager to "node_modules/.ignored"
[2026-08-16T00:12:16.361Z] [WARN] Moving convex that was installed by a different package manager to "node_modules/.ignored"
[2026-08-16T00:12:16.361Z] [WARN] Moving date-fns that was installed by a different package manager to "node_modules/.ignored"
[2026-08-16T00:12:16.361Z] [WARN] Moving embla-carousel-react that was installed by a different package manager to "node_modules/.ignored"
[2026-08-16T00:12:16.361Z] [WARN] Moving framer-motion that was installed by a different package manager to "node_modules/.ignored"
[2026-08-16T00:12:16.361Z] [WARN] Moving input-otp that was installed by a different package manager to "node_modules/.ignored"
[2026-08-16T00:12:16.361Z] [WARN] Moving lucide-react that was installed by a different package manager to "node_modules/.ignored"
[2026-08-16T00:12:16.361Z] [WARN] Moving react that was installed by a different package manager to "node_modules/.ignored"
[2026-08-16T00:12:16.361Z] [WARN] Moving react-day-picker that was installed by a different package manager to "node_modules/.ignored"
[2026-08-16T00:12:16.361Z] [WARN] Moving react-dom that was installed by a different package manager to "node_modules/.ignored"
[2026-08-16T00:12:16.361Z] [WARN] Moving react-hook-form that was installed by a different package manager to "node_modules/.ignored"
[2026-08-16T00:12:16.361Z] [WARN] Moving react-resizable-panels that was installed by a different package manager to "node_modules/.ignored"
[2026-08-16T00:12:16.361Z] [WARN] Moving recharts that was installed by a different package manager to "node_modules/.ignored"
[2026-08-16T00:12:16.361Z] [WARN] Moving sonner that was installed by a different package manager to "node_modules/.ignored"
[2026-08-16T00:12:16.361Z] [WARN] Moving tailwind-merge that was installed by a different package manager to "node_modules/.ignored"
[2026-08-16T00:12:16.361Z] [WARN] Moving tailwindcss that was installed by a different package manager to "node_modules/.ignored"
[2026-08-16T00:12:16.361Z] [WARN] Moving vaul that was installed by a different package manager to "node_modules/.ignored"
[2026-08-16T00:12:16.361Z] [WARN] Moving zod that was installed by a different package manager to "node_modules/.ignored"
[2026-08-16T00:12:16.516Z] Progress: resolved 1, reused 0, downloaded 0, added 0
[2026-08-16T00:12:16.665Z] [WARN] deprecated recharts@2.15.4: 1.x and 2.x branches are no longer active. Bump to Recharts v3 to receive latest features and bugfixes. See https://github.com/recharts/recharts/wiki/3.0-migration-guide
[2026-08-16T00:12:17.516Z] Progress: resolved 67, reused 7, downloaded 60, added 0
[2026-08-16T00:12:18.522Z] Progress: resolved 180, reused 12, downloaded 164, added 0
[2026-08-16T00:12:19.531Z] Progress: resolved 374, reused 34, downloaded 253, added 0
[2026-08-16T00:12:20.268Z] Packages: +363
[2026-08-16T00:12:20.268Z] ++++++++++++++++++++++++++++++++++++++++++++++++++++++++++++++++++++++++++++++++
[2026-08-16T00:12:20.307Z] Packages are hard linked from the content-addressable store to the virtual store.
[2026-08-16T00:12:20.307Z] Content-addressable store is at: /home/ubuntu/.local/share/pnpm/store/v11
[2026-08-16T00:12:20.307Z] Virtual store is at:             node_modules/.pnpm
[2026-08-16T00:12:20.471Z] Progress: resolved 460, reused 59, downloaded 304, added 363, done
[2026-08-16T00:12:20.720Z] dependencies:
[2026-08-16T00:12:20.720Z] + @hookform/resolvers 5.8.0
[2026-08-16T00:12:20.720Z] + @radix-ui/react-accordion 1.2.20
[2026-08-16T00:12:20.720Z] + @radix-ui/react-alert-dialog 1.1.23
[2026-08-16T00:12:20.720Z] + @radix-ui/react-aspect-ratio 1.1.15
[2026-08-16T00:12:20.720Z] + @radix-ui/react-avatar 1.2.6
[2026-08-16T00:12:20.720Z] + @radix-ui/react-checkbox 1.3.11
[2026-08-16T00:12:20.720Z] + @radix-ui/react-collapsible 1.1.20
[2026-08-16T00:12:20.720Z] + @radix-ui/react-context-menu 2.3.7
[2026-08-16T00:12:20.720Z] + @radix-ui/react-dialog 1.1.23
[2026-08-16T00:12:20.720Z] + @radix-ui/react-dropdown-menu 2.1.24
[2026-08-16T00:12:20.720Z] + @radix-ui/react-hover-card 1.1.23
[2026-08-16T00:12:20.720Z] + @radix-ui/react-label 2.1.15
[2026-08-16T00:12:20.720Z] + @radix-ui/react-menubar 1.1.24
[2026-08-16T00:12:20.720Z] + @radix-ui/react-navigation-menu 1.2.22
[2026-08-16T00:12:20.720Z] + @radix-ui/react-popover 1.1.23
[2026-08-16T00:12:20.720Z] + @radix-ui/react-progress 1.1.16
[2026-08-16T00:12:20.720Z] + @radix-ui/react-radio-group 1.4.7
[2026-08-16T00:12:20.720Z] + @radix-ui/react-scroll-area 1.2.18
[2026-08-16T00:12:20.720Z] + @radix-ui/react-select 2.3.7
[2026-08-16T00:12:20.720Z] + @radix-ui/react-separator 1.1.15
[2026-08-16T00:12:20.720Z] + @radix-ui/react-slider 1.4.7
[2026-08-16T00:12:20.720Z] + @radix-ui/react-slot 1.3.3
[2026-08-16T00:12:20.720Z] + @radix-ui/react-switch 1.3.7
[2026-08-16T00:12:20.720Z] + @radix-ui/react-tabs 1.1.21
[2026-08-16T00:12:20.720Z] + @radix-ui/react-toggle 1.1.18
[2026-08-16T00:12:20.720Z] + @radix-ui/react-toggle-group 1.1.19
[2026-08-16T00:12:20.720Z] + @radix-ui/react-tooltip 1.2.16
[2026-08-16T00:12:20.720Z] + @stripe/stripe-js 9.13.0
[2026-08-16T00:12:20.720Z] + @supabase/supabase-js 2.112.3
[2026-08-16T00:12:20.720Z] + @tailwindcss/vite 4.3.3
[2026-08-16T00:12:20.720Z] + @tanstack/react-query 5.101.4
[2026-08-16T00:12:20.720Z] + @tanstack/react-router 1.170.29
[2026-08-16T00:12:20.720Z] + @vly-ai/integrations 0.6.12
[2026-08-16T00:12:20.720Z] + class-variance-authority 0.7.1
[2026-08-16T00:12:20.720Z] + clsx 2.1.1
[2026-08-16T00:12:20.720Z] + cmdk 1.1.1
[2026-08-16T00:12:20.720Z] + convex 1.44.0
[2026-08-16T00:12:20.720Z] + date-fns 4.4.0
[2026-08-16T00:12:20.720Z] + embla-carousel-react 8.6.0
[2026-08-16T00:12:20.720Z] + framer-motion 12.43.0 (13.1.0 is available)
[2026-08-16T00:12:20.720Z] + input-otp 1.4.2
[2026-08-16T00:12:20.720Z] + lucide-react 0.555.0 (1.31.0 is available)
[2026-08-16T00:12:20.720Z] + react 19.2.8
[2026-08-16T00:12:20.720Z] + react-day-picker 9.13.0 (10.0.1 is available)
[2026-08-16T00:12:20.720Z] + react-dom 19.2.8
[2026-08-16T00:12:20.720Z] + react-hook-form 7.85.0
[2026-08-16T00:12:20.720Z] + react-resizable-panels 3.0.6 (4.12.2 is available)
[2026-08-16T00:12:20.720Z] + recharts 2.15.4 (3.10.1 is available) deprecated
[2026-08-16T00:12:20.720Z] + sonner 2.0.8
[2026-08-16T00:12:20.720Z] + tailwind-merge 3.6.0
[2026-08-16T00:12:20.720Z] + tailwindcss 4.3.3
[2026-08-16T00:12:20.720Z] + vaul 1.1.2
[2026-08-16T00:12:20.720Z] + zod 3.25.76 (4.4.3 is available)
[2026-08-16T00:12:20.720Z] devDependencies:
[2026-08-16T00:12:20.720Z] + @eslint/js 9.39.5 (10.0.1 is available)
[2026-08-16T00:12:20.720Z] + @types/node 24.13.3 (26.2.0 is available)
[2026-08-16T00:12:20.720Z] + @types/react 19.2.18
[2026-08-16T00:12:20.720Z] + @types/react-dom 19.2.4
[2026-08-16T00:12:20.720Z] + @vitejs/plugin-react 5.2.0 (6.0.5 is available)
[2026-08-16T00:12:20.720Z] + eslint 9.39.5 (10.8.1 is available)
[2026-08-16T00:12:20.720Z] + eslint-config-prettier 10.1.8
[2026-08-16T00:12:20.720Z] + eslint-plugin-react-hooks 7.1.1
[2026-08-16T00:12:20.720Z] + eslint-plugin-react-refresh 0.4.26 (0.5.4 is available)
[2026-08-16T00:12:20.720Z] + globals 16.5.0 (17.11.0 is available)
[2026-08-16T00:12:20.720Z] + prettier 3.7.3 (3.9.6 is available)
[2026-08-16T00:12:20.720Z] + tw-animate-css 1.4.0
[2026-08-16T00:12:20.720Z] + typescript 5.9.3 (7.0.2 is available)
[2026-08-16T00:12:20.720Z] + typescript-eslint 8.67.0
[2026-08-16T00:12:20.720Z] + vite 7.3.6 (8.2.1 is available)
[2026-08-16T00:12:20.747Z] [ERR_PNPM_IGNORED_BUILDS] Ignored build scripts: esbuild@0.27.0, esbuild@0.28.2
[2026-08-16T00:12:20.747Z] Run "pnpm approve-builds" to pick which dependencies should be allowed to run scripts.
[2026-08-16T00:12:20.814Z] [ERROR] Command failed with exit code 1: pnpm install
[2026-08-16T00:12:20.814Z] pnpm: Command failed with exit code 1: pnpm install
[2026-08-16T00:12:20.814Z] at getFinalError (file:///home/ubuntu/.nvm/versions/node/v22.13.0/lib/node_modules/pnpm/dist/pnpm.mjs:89024:14)
[2026-08-16T00:12:20.814Z] at makeError (file:///home/ubuntu/.nvm/versions/node/v22.13.0/lib/node_modules/pnpm/dist/pnpm.mjs:91331:21)
[2026-08-16T00:12:20.814Z] at getSyncResult (file:///home/ubuntu/.nvm/versions/node/v22.13.0/lib/node_modules/pnpm/dist/pnpm.mjs:93175:10)
[2026-08-16T00:12:20.814Z] at spawnSubprocessSync (file:///home/ubuntu/.nvm/versions/node/v22.13.0/lib/node_modules/pnpm/dist/pnpm.mjs:93135:14)
[2026-08-16T00:12:20.814Z] at execaCoreSync (file:///home/ubuntu/.nvm/versions/node/v22.13.0/lib/node_modules/pnpm/dist/pnpm.mjs:93065:23)
[2026-08-16T00:12:20.814Z] at callBoundExeca (file:///home/ubuntu/.nvm/versions/node/v22.13.0/lib/node_modules/pnpm/dist/pnpm.mjs:95593:23)
[2026-08-16T00:12:20.814Z] at boundExeca (file:///home/ubuntu/.nvm/versions/node/v22.13.0/lib/node_modules/pnpm/dist/pnpm.mjs:95570:49)
[2026-08-16T00:12:20.814Z] at sync2 (file:///home/ubuntu/.nvm/versions/node/v22.13.0/lib/node_modules/pnpm/dist/pnpm.mjs:95725:14)
[2026-08-16T00:12:20.814Z] at runPnpmCli (file:///home/ubuntu/.nvm/versions/node/v22.13.0/lib/node_modules/pnpm/dist/pnpm.mjs:269874:5)
[2026-08-16T00:12:20.814Z] at runDepsStatusCheck (file:///home/ubuntu/.nvm/versions/node/v22.13.0/lib/node_modules/pnpm/dist/pnpm.mjs:271638:7)
[2026-08-16T00:12:20.826Z] Dev server exited with code 1
[2026-08-16T00:12:22.079Z] Starting dev server with command: pnpm run dev
[2026-08-16T00:12:22.640Z] ✓ Lockfile passes supply-chain policies (verified 1s ago)
[2026-08-16T00:12:22.644Z] Lockfile is up to date, resolution step is skipped
[2026-08-16T00:12:22.682Z] Already up to date
[2026-08-16T00:12:23.008Z] [ERR_PNPM_IGNORED_BUILDS] Ignored build scripts: esbuild@0.27.0, esbuild@0.28.2
[2026-08-16T00:12:23.008Z] Run "pnpm approve-builds" to pick which dependencies should be allowed to run scripts.
[2026-08-16T00:12:23.035Z] [ERROR] Command failed with exit code 1: pnpm install
[2026-08-16T00:12:23.035Z] pnpm: Command failed with exit code 1: pnpm install
[2026-08-16T00:12:23.035Z] at getFinalError (file:///home/ubuntu/.nvm/versions/node/v22.13.0/lib/node_modules/pnpm/dist/pnpm.mjs:89024:14)
[2026-08-16T00:12:23.035Z] at makeError (file:///home/ubuntu/.nvm/versions/node/v22.13.0/lib/node_modules/pnpm/dist/pnpm.mjs:91331:21)
[2026-08-16T00:12:23.035Z] at getSyncResult (file:///home/ubuntu/.nvm/versions/node/v22.13.0/lib/node_modules/pnpm/dist/pnpm.mjs:93175:10)
[2026-08-16T00:12:23.035Z] at spawnSubprocessSync (file:///home/ubuntu/.nvm/versions/node/v22.13.0/lib/node_modules/pnpm/dist/pnpm.mjs:93135:14)
[2026-08-16T00:12:23.035Z] at execaCoreSync (file:///home/ubuntu/.nvm/versions/node/v22.13.0/lib/node_modules/pnpm/dist/pnpm.mjs:93065:23)
[2026-08-16T00:12:23.035Z] at callBoundExeca (file:///home/ubuntu/.nvm/versions/node/v22.13.0/lib/node_modules/pnpm/dist/pnpm.mjs:95593:23)
[2026-08-16T00:12:23.035Z] at boundExeca (file:///home/ubuntu/.nvm/versions/node/v22.13.0/lib/node_modules/pnpm/dist/pnpm.mjs:95570:49)
[2026-08-16T00:12:23.035Z] at sync2 (file:///home/ubuntu/.nvm/versions/node/v22.13.0/lib/node_modules/pnpm/dist/pnpm.mjs:95725:14)
[2026-08-16T00:12:23.035Z] at runPnpmCli (file:///home/ubuntu/.nvm/versions/node/v22.13.0/lib/node_modules/pnpm/dist/pnpm.mjs:269874:5)
[2026-08-16T00:12:23.035Z] at runDepsStatusCheck (file:///home/ubuntu/.nvm/versions/node/v22.13.0/lib/node_modules/pnpm/dist/pnpm.mjs:271638:7)
[2026-08-16T00:12:23.050Z] Dev server exited with code 1
[2026-08-16T00:12:57.638Z] Starting dev server with command: pnpm run dev
[2026-08-16T00:12:58.190Z] ✓ Lockfile passes supply-chain policies (verified 37s ago)
[2026-08-16T00:12:58.194Z] Lockfile is up to date, resolution step is skipped
[2026-08-16T00:12:58.232Z] Already up to date
[2026-08-16T00:12:58.550Z] Done in 645ms using pnpm v11.21.0
[2026-08-16T00:12:58.559Z] $ vite
[2026-08-16T00:12:58.892Z] VITE v7.3.6  ready in 308 ms
[2026-08-16T00:12:58.892Z] ➜  Local:   http://localhost:5173/
[2026-08-16T00:12:58.892Z] ➜  Network: http://169.254.0.21:5173/
[2026-08-16T00:18:53.672Z] [ELIFECYCLE] Command failed.
[2026-08-16T00:18:53.679Z] Dev server exited with code -1
[2026-08-16T00:18:54.764Z] Starting dev server with command: pnpm run dev
[2026-08-16T00:18:55.038Z] $ vite
[2026-08-16T00:18:55.293Z] 12:18:55 AM [vite] (client) Re-optimizing dependencies because lockfile has changed
[2026-08-16T00:18:55.307Z] VITE v7.3.6  ready in 244 ms
[2026-08-16T00:18:55.307Z] ➜  Local:   http://localhost:5173/
[2026-08-16T00:18:55.307Z] ➜  Network: http://169.254.0.21:5173/
[2026-08-16T00:30:50.752Z] 12:30:50 AM [vite] (client) hmr update /src/styles.css
[2026-08-16T00:31:21.229Z] [ELIFECYCLE] Command failed.
[2026-08-16T00:31:21.233Z] Dev server exited with code -1
[2026-08-16T00:31:22.322Z] Starting dev server with command: pnpm run dev
[2026-08-16T00:31:22.577Z] $ vite
[2026-08-16T00:31:22.828Z] VITE v7.3.6  ready in 227 ms
[2026-08-16T00:31:22.828Z] ➜  Local:   http://localhost:5173/
[2026-08-16T00:31:22.828Z] ➜  Network: http://169.254.0.21:5173/
[2026-08-16T00:32:08.813Z] 12:32:08 AM [vite] (client) hmr update /src/styles.css
[2026-08-16T00:32:31.504Z] [ELIFECYCLE] Command failed.
[2026-08-16T00:32:31.507Z] Dev server exited with code -1
[2026-08-16T00:32:32.597Z] Starting dev server with command: pnpm run dev
[2026-08-16T00:32:32.856Z] $ vite
[2026-08-16T00:32:33.089Z] VITE v7.3.6  ready in 210 ms
[2026-08-16T00:32:33.090Z] ➜  Local:   http://localhost:5173/
[2026-08-16T00:32:33.090Z] ➜  Network: http://169.254.0.21:5173/
[2026-08-16T00:37:02.693Z] 12:37:02 AM [vite] (client) hmr update /src/styles.css
[2026-08-16T00:37:09.217Z] 12:37:09 AM [vite] (client) hmr update /src/routes/index.tsx, /src/styles.css
[2026-08-16T00:38:25.056Z] 12:38:25 AM [vite] (client) hmr update /src/styles.css
[2026-08-16T00:38:47.232Z] [ELIFECYCLE] Command failed.
[2026-08-16T00:38:47.237Z] Dev server exited with code -1
[2026-08-16T00:38:48.324Z] Starting dev server with command: pnpm run dev
[2026-08-16T00:38:48.578Z] $ vite
[2026-08-16T00:38:48.857Z] VITE v7.3.6  ready in 256 ms
[2026-08-16T00:38:48.857Z] ➜  Local:   http://localhost:5173/
[2026-08-16T00:38:48.857Z] ➜  Network: http://169.254.0.21:5173/
[2026-08-16T00:42:48.833Z] 12:42:48 AM [vite] (client) hmr update /src/styles.css
[2026-08-16T00:42:55.548Z] 12:42:55 AM [vite] (client) hmr update /src/styles.css
[2026-08-16T00:43:02.289Z] 12:43:02 AM [vite] (client) hmr update /src/styles.css
[2026-08-16T00:43:29.517Z] [ELIFECYCLE] Command failed.
[2026-08-16T00:43:29.521Z] Dev server exited with code -1
[2026-08-16T00:43:30.623Z] Starting dev server with command: pnpm run dev
[2026-08-16T00:43:30.883Z] $ vite
[2026-08-16T00:43:31.148Z] VITE v7.3.6  ready in 241 ms
[2026-08-16T00:43:31.148Z] ➜  Local:   http://localhost:5173/
[2026-08-16T00:43:31.148Z] ➜  Network: http://169.254.0.21:5173/
[2026-08-16T00:47:49.257Z] 12:47:49 AM [vite] (client) hmr update /src/styles.css, /src/components/engine/AsternalEditor.tsx
[2026-08-16T00:48:00.301Z] 12:48:00 AM [vite] (client) hmr update /src/styles.css
[2026-08-16T00:48:21.112Z] [ELIFECYCLE] Command failed.
[2026-08-16T00:48:21.118Z] Dev server exited with code -1
[2026-08-16T00:48:22.202Z] Starting dev server with command: pnpm run dev
[2026-08-16T00:48:22.464Z] $ vite
[2026-08-16T00:48:22.727Z] VITE v7.3.6  ready in 238 ms
[2026-08-16T00:48:22.727Z] ➜  Local:   http://localhost:5173/
[2026-08-16T00:48:22.727Z] ➜  Network: http://169.254.0.21:5173/
[2026-08-16T00:54:57.775Z] 12:54:57 AM [vite] (client) hmr update /src/styles.css, /src/components/social/ProfilePanel.tsx
[2026-08-16T00:55:23.121Z] 12:55:23 AM [vite] (client) hmr update /src/routes/profile.$userId.tsx, /src/styles.css
[2026-08-16T00:55:26.464Z] 12:55:26 AM [vite] (client) hmr update /src/styles.css, /src/components/social/ProfilePanel.tsx
[2026-08-16T00:55:46.499Z] [ELIFECYCLE] Command failed.
[2026-08-16T00:55:46.505Z] Dev server exited with code -1
[2026-08-16T00:55:47.592Z] Starting dev server with command: pnpm run dev
[2026-08-16T00:55:47.853Z] $ vite
[2026-08-16T00:55:48.107Z] 12:55:48 AM [vite] (client) Re-optimizing dependencies because lockfile has changed
[2026-08-16T00:55:48.122Z] VITE v7.3.6  ready in 245 ms
[2026-08-16T00:55:48.122Z] ➜  Local:   http://localhost:5173/
[2026-08-16T00:55:48.122Z] ➜  Network: http://169.254.0.21:5173/
[2026-08-16T00:58:34.039Z] 12:58:34 AM [vite] (client) hmr update /src/styles.css, /src/components/engine/AsternalEditor.tsx
[2026-08-16T00:58:54.551Z] [ELIFECYCLE] Command failed.
[2026-08-16T00:58:54.556Z] Dev server exited with code -1
[2026-08-16T00:58:55.644Z] Starting dev server with command: pnpm run dev
[2026-08-16T00:58:55.908Z] $ vite
[2026-08-16T00:58:56.151Z] VITE v7.3.6  ready in 219 ms
[2026-08-16T00:58:56.151Z] ➜  Local:   http://localhost:5173/
[2026-08-16T00:58:56.152Z] ➜  Network: http://169.254.0.21:5173/
[2026-08-16T01:02:44.854Z] 1:02:44 AM [vite] (client) hmr update /src/routes/profile.$userId.tsx, /src/styles.css
[2026-08-16T01:02:48.905Z] 1:02:48 AM [vite] (client) hmr update /src/styles.css, /src/components/social/ProfilePanel.tsx
[2026-08-16T01:02:57.654Z] 1:02:57 AM [vite] (client) hmr update /src/routes/auth.tsx, /src/styles.css
[2026-08-16T01:03:29.046Z] [ELIFECYCLE] Command failed.
[2026-08-16T01:03:29.050Z] Dev server exited with code -1
[2026-08-16T01:03:30.138Z] Starting dev server with command: pnpm run dev
[2026-08-16T01:03:30.400Z] $ vite
[2026-08-16T01:03:30.673Z] VITE v7.3.6  ready in 247 ms
[2026-08-16T01:03:30.673Z] ➜  Local:   http://localhost:5173/
[2026-08-16T01:03:30.673Z] ➜  Network: http://169.254.0.21:5173/
[2026-08-16T01:03:49.909Z] 1:03:49 AM [vite] vite.config.ts changed, restarting server...
[2026-08-16T01:03:49.925Z] 1:03:49 AM [vite] server restarted.
[2026-08-16T01:03:52.363Z] [ELIFECYCLE] Command failed.
[2026-08-16T01:03:52.369Z] Dev server exited with code -1
[2026-08-16T01:03:53.456Z] Starting dev server with command: pnpm run dev
[2026-08-16T01:03:53.715Z] $ vite
[2026-08-16T01:03:53.978Z] VITE v7.3.6  ready in 239 ms
[2026-08-16T01:03:53.979Z] ➜  Local:   http://localhost:5173/
[2026-08-16T01:03:53.979Z] ➜  Network: http://169.254.0.21:5173/
[2026-08-16T01:18:30.032Z] 1:18:30 AM [vite] (client) hmr update /src/styles.css, /src/routes/feed.tsx
[2026-08-16T01:18:30.469Z] 1:18:30 AM [vite] (client) hmr invalidate /src/routes/feed.tsx Could not Fast Refresh ("Route" export is incompatible). Learn more at https://github.com/vitejs/vite-plugin-react/tree/main/packages/plugin-react#consistent-components-exports
[2026-08-16T01:18:30.470Z] 1:18:30 AM [vite] (client) hmr update /src/main.tsx
[2026-08-16T01:18:30.520Z] 1:18:30 AM [vite] (client) hmr invalidate /src/main.tsx Could not Fast Refresh ("true" export is incompatible). Learn more at https://github.com/vitejs/vite-plugin-react/tree/main/packages/plugin-react#consistent-components-exports
[2026-08-16T01:18:30.520Z] 1:18:30 AM [vite] (client) page reload src/main.tsx
[2026-08-16T01:19:16.364Z] 1:19:16 AM [vite] (client) hmr update /src/styles.css, /src/components/social/ProfilePanel.tsx
[2026-08-16T01:19:19.522Z] 1:19:19 AM [vite] (client) hmr update /src/styles.css, /src/components/social/UserName.tsx
[2026-08-16T01:19:23.649Z] 1:19:23 AM [vite] (client) hmr update /src/styles.css, /src/components/social/ProfilePanel.tsx
[2026-08-16T01:27:11.617Z] 1:27:11 AM [vite] (client) hmr update /src/styles.css, /src/components/social/GlobalSearchPanel.tsx
[2026-08-16T01:27:17.691Z] 1:27:17 AM [vite] (client) hmr update /src/styles.css, /src/components/social/GlobalSearchPanel.tsx
[2026-08-16T01:27:29.000Z] 1:27:28 AM [vite] (client) hmr update /src/styles.css, /src/components/social/GlobalSearchPanel.tsx
[2026-08-16T01:27:35.038Z] 1:27:35 AM [vite] (client) hmr update /src/styles.css, /src/components/social/GlobalSearchPanel.tsx
[2026-08-16T01:27:58.366Z] 1:27:58 AM [vite] (client) hmr update /src/styles.css, /src/components/social/GlobalSearchPanel.tsx
[2026-08-16T01:32:33.554Z] 1:32:33 AM [vite] (client) hmr update /src/styles.css, /src/components/social/GlobalSearchPanel.tsx
[2026-08-16T01:32:56.909Z] 1:32:56 AM [vite] (client) hmr update /src/styles.css, /src/routes/index.tsx
[2026-08-16T01:32:57.050Z] 1:32:57 AM [vite] (client) hmr invalidate /src/routes/index.tsx Could not Fast Refresh ("Route" export is incompatible). Learn more at https://github.com/vitejs/vite-plugin-react/tree/main/packages/plugin-react#consistent-components-exports
[2026-08-16T01:32:57.051Z] 1:32:57 AM [vite] (client) hmr update /src/main.tsx
[2026-08-16T01:32:57.126Z] 1:32:57 AM [vite] (client) hmr invalidate /src/main.tsx Could not Fast Refresh ("true" export is incompatible). Learn more at https://github.com/vitejs/vite-plugin-react/tree/main/packages/plugin-react#consistent-components-exports
[2026-08-16T01:32:57.126Z] 1:32:57 AM [vite] (client) page reload src/main.tsx
[2026-08-16T01:33:41.583Z] 1:33:41 AM [vite] (client) hmr update /src/main.tsx, /src/styles.css
[2026-08-16T01:33:41.767Z] 1:33:41 AM [vite] (client) hmr invalidate /src/main.tsx Could not Fast Refresh ("true" export is incompatible). Learn more at https://github.com/vitejs/vite-plugin-react/tree/main/packages/plugin-react#consistent-components-exports
[2026-08-16T01:33:41.767Z] 1:33:41 AM [vite] (client) page reload src/main.tsx
[2026-08-16T01:33:47.249Z] 1:33:47 AM [vite] (client) hmr update /src/main.tsx, /src/styles.css
[2026-08-16T01:33:47.344Z] 1:33:47 AM [vite] (client) hmr invalidate /src/main.tsx Could not Fast Refresh ("true" export is incompatible). Learn more at https://github.com/vitejs/vite-plugin-react/tree/main/packages/plugin-react#consistent-components-exports
[2026-08-16T01:33:47.344Z] 1:33:47 AM [vite] (client) page reload src/main.tsx
[2026-08-16T01:41:09.482Z] 1:41:09 AM [vite] (client) hmr update /src/styles.css, /src/routes/feed.tsx
[2026-08-16T01:41:09.683Z] 1:41:09 AM [vite] (client) hmr invalidate /src/routes/feed.tsx Could not Fast Refresh ("Route" export is incompatible). Learn more at https://github.com/vitejs/vite-plugin-react/tree/main/packages/plugin-react#consistent-components-exports
[2026-08-16T01:41:09.683Z] 1:41:09 AM [vite] (client) hmr update /src/main.tsx
[2026-08-16T01:41:09.783Z] 1:41:09 AM [vite] (client) hmr invalidate /src/main.tsx Could not Fast Refresh ("true" export is incompatible). Learn more at https://github.com/vitejs/vite-plugin-react/tree/main/packages/plugin-react#consistent-components-exports
[2026-08-16T01:41:09.783Z] 1:41:09 AM [vite] (client) page reload src/main.tsx
[2026-08-16T01:41:14.398Z] 1:41:14 AM [vite] (client) hmr update /src/styles.css, /src/components/social/PostCard.tsx
[2026-08-16T01:42:17.350Z] [ELIFECYCLE] Command failed.
[2026-08-16T01:42:17.356Z] Dev server exited with code -1
[2026-08-16T01:42:18.442Z] Starting dev server with command: pnpm run dev
[2026-08-16T01:42:18.714Z] $ vite
[2026-08-16T01:42:18.982Z] VITE v7.3.6  ready in 244 ms
[2026-08-16T01:42:18.982Z] ➜  Local:   http://localhost:5173/
[2026-08-16T01:42:18.982Z] ➜  Network: http://169.254.0.21:5173/
[2026-08-16T01:46:54.970Z] 1:46:54 AM [vite] (client) hmr update /src/styles.css, /src/components/social/ProfilePanel.tsx
[2026-08-16T01:47:06.661Z] 1:47:06 AM [vite] (client) hmr update /src/routes/index.tsx, /src/styles.css
[2026-08-16T01:47:06.766Z] 1:47:06 AM [vite] (client) hmr invalidate /src/routes/index.tsx Could not Fast Refresh ("Route" export is incompatible). Learn more at https://github.com/vitejs/vite-plugin-react/tree/main/packages/plugin-react#consistent-components-exports
[2026-08-16T01:47:06.766Z] 1:47:06 AM [vite] (client) hmr update /src/main.tsx
[2026-08-16T01:47:06.831Z] 1:47:06 AM [vite] (client) hmr invalidate /src/main.tsx Could not Fast Refresh ("true" export is incompatible). Learn more at https://github.com/vitejs/vite-plugin-react/tree/main/packages/plugin-react#consistent-components-exports
[2026-08-16T01:47:06.831Z] 1:47:06 AM [vite] (client) page reload src/main.tsx
[2026-08-16T01:53:35.805Z] 1:53:35 AM [vite] (client) hmr update /src/styles.css, /src/routes/admin.tsx, /src/components/social/GlobalSearchPanel.tsx, /src/components/social/ChatSection.tsx, /src/components/social/WorkChatPanel.tsx
[2026-08-16T01:53:36.025Z] 1:53:36 AM [vite] (client) hmr invalidate /src/routes/admin.tsx Could not Fast Refresh ("Route" export is incompatible). Learn more at https://github.com/vitejs/vite-plugin-react/tree/main/packages/plugin-react#consistent-components-exports
[2026-08-16T01:53:36.025Z] 1:53:36 AM [vite] (client) hmr update /src/main.tsx
[2026-08-16T01:53:36.143Z] 1:53:36 AM [vite] (client) hmr invalidate /src/main.tsx Could not Fast Refresh ("true" export is incompatible). Learn more at https://github.com/vitejs/vite-plugin-react/tree/main/packages/plugin-react#consistent-components-exports
[2026-08-16T01:53:36.143Z] 1:53:36 AM [vite] (client) page reload src/main.tsx
[2026-08-16T01:58:32.953Z] 1:58:32 AM [vite] (client) hmr update /src/styles.css, /src/components/social/GlobalSearchPanel.tsx
[2026-08-16T01:58:32.962Z] 1:58:32 AM [vite] (client) hmr update /src/routes/index.tsx, /src/styles.css
[2026-08-16T01:58:33.360Z] 1:58:33 AM [vite] (client) hmr invalidate /src/routes/index.tsx Could not Fast Refresh ("Route" export is incompatible). Learn more at https://github.com/vitejs/vite-plugin-react/tree/main/packages/plugin-react#consistent-components-exports
[2026-08-16T01:58:33.360Z] 1:58:33 AM [vite] (client) hmr update /src/main.tsx
[2026-08-16T01:58:33.396Z] 1:58:33 AM [vite] (client) hmr invalidate /src/main.tsx Could not Fast Refresh ("true" export is incompatible). Learn more at https://github.com/vitejs/vite-plugin-react/tree/main/packages/plugin-react#consistent-components-exports
[2026-08-16T01:58:33.396Z] 1:58:33 AM [vite] (client) page reload src/main.tsx
[2026-08-16T02:05:51.577Z] 2:05:51 AM [vite] (client) hmr update /src/styles.css, /src/components/ai/OrionPanel.tsx
[2026-08-16T02:05:51.579Z] 2:05:51 AM [vite] (client) hmr update /src/routes/index.tsx, /src/styles.css
[2026-08-16T02:05:51.593Z] 2:05:51 AM [vite] (client) hmr update /src/styles.css, /src/routes/profile.tsx, /src/routes/orbes.tsx, /src/routes/profile.$userId.tsx, /src/routes/index.tsx, /src/routes/feed.tsx, /src/routes/admin.tsx, /src/routes/plus.tsx, /src/components/social/ProfilePanel.tsx, /src/components/social/PostCard.tsx, /src/components/social/GamesHome.tsx, /src/components/social/PostComposer.tsx, /src/components/social/NotificationsPanel.tsx, /src/components/social/ChatSection.tsx, /src/components/social/EventsSection.tsx, /src/components/social/NotificationBell.tsx, /src/components/engine/AsternalEditor.tsx, /src/components/engine/ProjectManager.tsx, /src/components/social/GallerySection.tsx, /src/components/social/UserName.tsx, /src/components/social/GlobalSearchPanel.tsx, /src/components/social/WorkChatPanel.tsx, /src/components/social/GameCard.tsx, /src/components/engine/PublishGameDialog.tsx, /src/components/social/HistorySection.tsx, /src/components/social/CommentSection.tsx
[2026-08-16T02:05:52.020Z] 2:05:52 AM [vite] (client) hmr invalidate /src/routes/index.tsx Could not Fast Refresh ("Route" export is incompatible). Learn more at https://github.com/vitejs/vite-plugin-react/tree/main/packages/plugin-react#consistent-components-exports
[2026-08-16T02:05:52.020Z] 2:05:52 AM [vite] (client) hmr update /src/main.tsx
[2026-08-16T02:05:52.058Z] 2:05:52 AM [vite] (client) hmr invalidate /src/routes/profile.tsx Could not Fast Refresh ("Route" export is incompatible). Learn more at https://github.com/vitejs/vite-plugin-react/tree/main/packages/plugin-react#consistent-components-exports
[2026-08-16T02:05:52.058Z] 2:05:52 AM [vite] (client) hmr update /src/main.tsx
[2026-08-16T02:05:52.058Z] 2:05:52 AM [vite] (client) hmr invalidate /src/routes/orbes.tsx Could not Fast Refresh ("Route" export is incompatible). Learn more at https://github.com/vitejs/vite-plugin-react/tree/main/packages/plugin-react#consistent-components-exports
[2026-08-16T02:05:52.058Z] 2:05:52 AM [vite] (client) hmr update /src/main.tsx
[2026-08-16T02:05:52.058Z] 2:05:52 AM [vite] (client) hmr invalidate /src/routes/profile.$userId.tsx Could not Fast Refresh ("Route" export is incompatible). Learn more at https://github.com/vitejs/vite-plugin-react/tree/main/packages/plugin-react#consistent-components-exports
[2026-08-16T02:05:52.058Z] 2:05:52 AM [vite] (client) hmr update /src/main.tsx
[2026-08-16T02:05:52.058Z] 2:05:52 AM [vite] (client) hmr invalidate /src/routes/feed.tsx Could not Fast Refresh ("Route" export is incompatible). Learn more at https://github.com/vitejs/vite-plugin-react/tree/main/packages/plugin-react#consistent-components-exports
[2026-08-16T02:05:52.059Z] 2:05:52 AM [vite] (client) hmr update /src/main.tsx
[2026-08-16T02:05:52.059Z] 2:05:52 AM [vite] (client) hmr invalidate /src/routes/admin.tsx Could not Fast Refresh ("Route" export is incompatible). Learn more at https://github.com/vitejs/vite-plugin-react/tree/main/packages/plugin-react#consistent-components-exports
[2026-08-16T02:05:52.059Z] 2:05:52 AM [vite] (client) hmr update /src/main.tsx
[2026-08-16T02:05:52.059Z] 2:05:52 AM [vite] (client) hmr invalidate /src/routes/plus.tsx Could not Fast Refresh ("Route" export is incompatible). Learn more at https://github.com/vitejs/vite-plugin-react/tree/main/packages/plugin-react#consistent-components-exports
[2026-08-16T02:05:52.059Z] 2:05:52 AM [vite] (client) hmr update /src/main.tsx
[2026-08-16T02:05:52.155Z] 2:05:52 AM [vite] (client) hmr invalidate /src/main.tsx Could not Fast Refresh ("true" export is incompatible). Learn more at https://github.com/vitejs/vite-plugin-react/tree/main/packages/plugin-react#consistent-components-exports
[2026-08-16T02:05:52.155Z] 2:05:52 AM [vite] (client) page reload src/main.tsx
[2026-08-16T02:06:20.036Z] 2:06:20 AM [vite] (client) hmr update /src/styles.css, /src/components/social/PostCard.tsx
[2026-08-16T02:17:39.379Z] 2:17:39 AM [vite] (client) hmr update /src/routes/orbes.tsx, /src/styles.css
[2026-08-16T02:17:39.602Z] 2:17:39 AM [vite] (client) hmr invalidate /src/routes/orbes.tsx Could not Fast Refresh ("Route" export is incompatible). Learn more at https://github.com/vitejs/vite-plugin-react/tree/main/packages/plugin-react#consistent-components-exports
[2026-08-16T02:17:39.603Z] 2:17:39 AM [vite] (client) hmr update /src/main.tsx
[2026-08-16T02:17:39.711Z] 2:17:39 AM [vite] (client) hmr invalidate /src/main.tsx Could not Fast Refresh ("true" export is incompatible). Learn more at https://github.com/vitejs/vite-plugin-react/tree/main/packages/plugin-react#consistent-components-exports
[2026-08-16T02:17:39.711Z] 2:17:39 AM [vite] (client) page reload src/main.tsx
[2026-08-16T02:17:39.942Z] 2:17:39 AM [vite] (client) hmr update /src/styles.css, /src/components/social/ProfilePanel.tsx
[2026-08-16T02:20:47.461Z] [ELIFECYCLE] Command failed.
[2026-08-16T02:20:47.466Z] Dev server exited with code -1
[2026-08-16T02:20:48.573Z] Starting dev server with command: pnpm run dev
[2026-08-16T02:20:49.228Z] ✓ Lockfile passes supply-chain policies (verified 1h ago)
[2026-08-16T02:20:49.311Z] Progress: resolved 1, reused 0, downloaded 0, added 0
[2026-08-16T02:20:49.528Z] [WARN] deprecated recharts@2.15.4: 1.x and 2.x branches are no longer active. Bump to Recharts v3 to receive latest features and bugfixes. See https://github.com/recharts/recharts/wiki/3.0-migration-guide
[2026-08-16T02:20:50.313Z] Progress: resolved 196, reused 188, downloaded 6, added 0
[2026-08-16T02:20:51.318Z] Progress: resolved 515, reused 388, downloaded 29, added 0
[2026-08-16T02:20:51.483Z] Packages: +30
[2026-08-16T02:20:51.483Z] ++++++++++++++++++++++++++++++
[2026-08-16T02:20:51.528Z] Progress: resolved 518, reused 391, downloaded 30, added 30, done
[2026-08-16T02:20:51.771Z] dependencies:
[2026-08-16T02:20:51.771Z] + @aws-sdk/client-s3 3.1111.0
[2026-08-16T02:20:51.771Z] + @aws-sdk/s3-request-presigner 3.1111.0
[2026-08-16T02:20:51.771Z] + @trpc/client 11.18.0
[2026-08-16T02:20:51.771Z] + @trpc/react-query 11.18.0
[2026-08-16T02:20:51.771Z] + @trpc/server 11.18.0
[2026-08-16T02:20:51.771Z] + jose 6.1.0
[2026-08-16T02:20:51.800Z] Done in 2.8s using pnpm v11.21.0
[2026-08-16T02:20:51.853Z] $ vite
[2026-08-16T02:20:51.969Z] ▲ [WARNING] Duplicate key "@tanstack/react-query" in object literal [duplicate-object-key]
[2026-08-16T02:20:51.969Z] package.json:50:4:
[2026-08-16T02:20:51.969Z] 50 │     "@tanstack/react-query": "^5.83.0",
[2026-08-16T02:20:51.969Z] ╵     ~~~~~~~~~~~~~~~~~~~~~~~
[2026-08-16T02:20:51.969Z] The original key "@tanstack/react-query" is here:
[2026-08-16T02:20:51.969Z] package.json:43:4:
[2026-08-16T02:20:51.969Z] 43 │     "@tanstack/react-query": "^5.90.2",
[2026-08-16T02:20:51.969Z] ╵     ~~~~~~~~~~~~~~~~~~~~~~~
[2026-08-16T02:20:52.160Z] 2:20:52 AM [vite] (client) Re-optimizing dependencies because lockfile has changed
[2026-08-16T02:20:52.180Z] VITE v7.3.6  ready in 303 ms
[2026-08-16T02:20:52.180Z] ➜  Local:   http://localhost:5173/
[2026-08-16T02:20:52.180Z] ➜  Network: http://169.254.0.21:5173/
[2026-08-16T02:21:51.344Z] 2:21:51 AM [vite] (client) hmr update /src/styles.css, /src/components/social/NotificationsPanel.tsx
[2026-08-16T02:23:48.943Z] 2:23:48 AM [vite] (client) hmr update /src/styles.css, /src/components/ai/OrionPanel.tsx
[2026-08-16T02:23:53.333Z] 2:23:53 AM [vite] (client) hmr update /src/styles.css, /src/components/social/ProfilePanel.tsx
[2026-08-16T02:23:56.739Z] 2:23:56 AM [vite] (client) hmr update /src/styles.css, /src/components/social/NotificationBell.tsx
[2026-08-16T02:28:06.023Z] 2:28:06 AM [vite] (client) hmr update /src/main.tsx, /src/styles.css
[2026-08-16T02:28:06.448Z] 2:28:06 AM [vite] (client) hmr invalidate /src/main.tsx Could not Fast Refresh ("true" export is incompatible). Learn more at https://github.com/vitejs/vite-plugin-react/tree/main/packages/plugin-react#consistent-components-exports
[2026-08-16T02:28:06.449Z] 2:28:06 AM [vite] (client) page reload src/main.tsx
[2026-08-16T02:28:25.187Z] 2:28:25 AM [vite] (client) hmr update /src/main.tsx, /src/styles.css
[2026-08-16T02:28:25.283Z] 2:28:25 AM [vite] (client) hmr invalidate /src/main.tsx Could not Fast Refresh ("true" export is incompatible). Learn more at https://github.com/vitejs/vite-plugin-react/tree/main/packages/plugin-react#consistent-components-exports
[2026-08-16T02:28:25.283Z] 2:28:25 AM [vite] (client) page reload src/main.tsx
[2026-08-16T02:28:25.289Z] 2:28:25 AM [vite] (client) page reload src/routes/notifications-qa.tsx
[2026-08-16T02:34:24.818Z] 2:34:24 AM [vite] (client) hmr update /src/styles.css, /src/components/social/GamesHome.tsx
[2026-08-16T02:34:29.082Z] 2:34:29 AM [vite] (client) hmr update /src/styles.css, /src/components/ai/OrionPanel.tsx
[2026-08-16T02:35:30.541Z] 2:35:30 AM [vite] (client) hmr update /src/styles.css, /src/components/social/ChatSection.tsx
[2026-08-16T02:35:33.882Z] 2:35:33 AM [vite] (client) hmr update /src/styles.css, /src/components/social/ChatSection.tsx
[2026-08-16T02:43:11.272Z] 2:43:11 AM [vite] (client) hmr update /src/styles.css, /src/components/social/GamesHome.tsx
[2026-08-16T02:44:03.410Z] 2:44:03 AM [vite] (client) hmr update /src/styles.css, /src/components/social/WorkChatPanel.tsx
[2026-08-16T02:44:14.665Z] 2:44:14 AM [vite] (client) hmr update /src/styles.css, /src/components/social/WorkChatPanel.tsx
[2026-08-16T02:52:50.306Z] 2:52:50 AM [vite] (client) hmr update /src/styles.css, /src/components/social/GlobalSearchPanel.tsx, /src/routes/index.tsx, /src/components/engine/AsternalEditor.tsx, /src/components/engine/ProjectManager.tsx, /src/components/social/GameCard.tsx
[2026-08-16T02:52:50.323Z] 2:52:50 AM [vite] (client) hmr update /src/styles.css, /src/components/engine/PaintEditor.tsx, /src/components/engine/AsternalEditor.tsx, /src/components/social/GlobalSearchPanel.tsx, /src/routes/index.tsx, /src/components/engine/ProjectManager.tsx, /src/components/social/GameCard.tsx, /src/components/social/GalleryCanvasPanel.tsx, /src/components/engine/SceneEditor.tsx, /src/components/engine/GameRuntime.tsx, /src/components/engine/UIEditor.tsx, /src/components/engine/AnimationEditor.tsx, /src/components/engine/ScriptEditor.tsx
[2026-08-16T02:52:50.578Z] 2:52:50 AM [vite] (client) hmr invalidate /src/routes/index.tsx Could not Fast Refresh ("Route" export is incompatible). Learn more at https://github.com/vitejs/vite-plugin-react/tree/main/packages/plugin-react#consistent-components-exports
[2026-08-16T02:52:50.578Z] 2:52:50 AM [vite] (client) hmr update /src/main.tsx
[2026-08-16T02:52:50.660Z] 2:52:50 AM [vite] (client) hmr invalidate /src/main.tsx Could not Fast Refresh ("true" export is incompatible). Learn more at https://github.com/vitejs/vite-plugin-react/tree/main/packages/plugin-react#consistent-components-exports
[2026-08-16T02:52:50.660Z] 2:52:50 AM [vite] (client) page reload src/main.tsx
[2026-08-16T02:56:42.454Z] 2:56:42 AM [vite] (client) hmr update /src/styles.css, /src/components/engine/PaintEditor.tsx, /src/components/engine/AsternalEditor.tsx, /src/components/social/GlobalSearchPanel.tsx, /src/routes/index.tsx, /src/components/engine/ProjectManager.tsx, /src/components/social/GameCard.tsx, /src/components/social/GalleryCanvasPanel.tsx, /src/components/engine/SceneEditor.tsx, /src/components/engine/GameRuntime.tsx, /src/components/engine/UIEditor.tsx, /src/components/engine/AnimationEditor.tsx, /src/components/engine/ScriptEditor.tsx
[2026-08-16T02:56:42.763Z] 2:56:42 AM [vite] (client) hmr invalidate /src/routes/index.tsx Could not Fast Refresh ("Route" export is incompatible). Learn more at https://github.com/vitejs/vite-plugin-react/tree/main/packages/plugin-react#consistent-components-exports
[2026-08-16T02:56:42.763Z] 2:56:42 AM [vite] (client) hmr update /src/main.tsx
[2026-08-16T02:56:42.763Z] 2:56:42 AM [vite] (client) hmr invalidate /src/components/engine/GameRuntime.tsx Could not Fast Refresh ("drawEntity" export is incompatible). Learn more at https://github.com/vitejs/vite-plugin-react/tree/main/packages/plugin-react#consistent-components-exports
[2026-08-16T02:56:42.763Z] 2:56:42 AM [vite] (client) hmr update /src/components/engine/AsternalEditor.tsx, /src/components/social/GameCard.tsx, /src/components/engine/UIEditor.tsx
[2026-08-16T02:56:42.764Z] 2:56:42 AM [vite] (client) hmr invalidate /src/components/engine/UIEditor.tsx Could not Fast Refresh ("drawUIElement" export is incompatible). Learn more at https://github.com/vitejs/vite-plugin-react/tree/main/packages/plugin-react#consistent-components-exports
[2026-08-16T02:56:42.764Z] 2:56:42 AM [vite] (client) hmr update /src/components/engine/AsternalEditor.tsx, /src/components/engine/GameRuntime.tsx
[2026-08-16T02:56:43.052Z] 2:56:43 AM [vite] (client) hmr invalidate /src/main.tsx Could not Fast Refresh ("true" export is incompatible). Learn more at https://github.com/vitejs/vite-plugin-react/tree/main/packages/plugin-react#consistent-components-exports
[2026-08-16T02:56:43.052Z] 2:56:43 AM [vite] (client) page reload src/main.tsx
[2026-08-16T02:57:20.992Z] 2:57:20 AM [vite] (client) hmr update /src/styles.css, /src/components/engine/AsternalEditor.tsx
[2026-08-16T02:57:21.190Z] 2:57:21 AM [vite] Internal server error: Failed to resolve import "./TransformInspector" from "src/components/engine/AsternalEditor.tsx". Does the file exist?
[2026-08-16T02:57:21.190Z] Plugin: vite:import-analysis
[2026-08-16T02:57:21.190Z] File: /home/ubuntu/asternal-engine/src/components/engine/AsternalEditor.tsx:19:35
[2026-08-16T02:57:21.190Z] 17 |  import { UIEditor } from "./UIEditor";
[2026-08-16T02:57:21.190Z] 18 |  import { ProjectManager } from "./ProjectManager";
[2026-08-16T02:57:21.190Z] 19 |  import { TransformInspector } from "./TransformInspector";
[2026-08-16T02:57:21.190Z] |                                      ^
[2026-08-16T02:57:21.190Z] 20 |  import { Dialog, DialogContent, DialogDescription, DialogHeader, DialogTitle } from "@/components/ui/dialog";
[2026-08-16T02:57:21.190Z] 21 |  import { ScriptEditor } from "./ScriptEditor";
[2026-08-16T02:57:21.190Z] at TransformPluginContext._formatLog (file:///home/ubuntu/asternal-engine/node_modules/.pnpm/vite@7.3.6_@types+node@24.13.3_jiti@2.7.0_lightningcss@1.32.0/node_modules/vite/dist/node/chunks/config.js:29079:43)
[2026-08-16T02:57:21.190Z] at TransformPluginContext.error (file:///home/ubuntu/asternal-engine/node_modules/.pnpm/vite@7.3.6_@types+node@24.13.3_jiti@2.7.0_lightningcss@1.32.0/node_modules/vite/dist/node/chunks/config.js:29076:14)
[2026-08-16T02:57:21.190Z] at normalizeUrl (file:///home/ubuntu/asternal-engine/node_modules/.pnpm/vite@7.3.6_@types+node@24.13.3_jiti@2.7.0_lightningcss@1.32.0/node_modules/vite/dist/node/chunks/config.js:27199:18)
[2026-08-16T02:57:21.190Z] at process.processTicksAndRejections (node:internal/process/task_queues:105:5)
[2026-08-16T02:57:21.190Z] at async file:///home/ubuntu/asternal-engine/node_modules/.pnpm/vite@7.3.6_@types+node@24.13.3_jiti@2.7.0_lightningcss@1.32.0/node_modules/vite/dist/node/chunks/config.js:27257:32
[2026-08-16T02:57:21.190Z] at async Promise.all (index 17)
[2026-08-16T02:57:21.190Z] at async TransformPluginContext.transform (file:///home/ubuntu/asternal-engine/node_modules/.pnpm/vite@7.3.6_@types+node@24.13.3_jiti@2.7.0_lightningcss@1.32.0/node_modules/vite/dist/node/chunks/config.js:27225:4)
[2026-08-16T02:57:21.190Z] at async EnvironmentPluginContainer.transform (file:///home/ubuntu/asternal-engine/node_modules/.pnpm/vite@7.3.6_@types+node@24.13.3_jiti@2.7.0_lightningcss@1.32.0/node_modules/vite/dist/node/chunks/config.js:28877:14)
[2026-08-16T02:57:21.190Z] at async loadAndTransform (file:///home/ubuntu/asternal-engine/node_modules/.pnpm/vite@7.3.6_@types+node@24.13.3_jiti@2.7.0_lightningcss@1.32.0/node_modules/vite/dist/node/chunks/config.js:22746:26)
[2026-08-16T02:57:21.190Z] at async viteTransformMiddleware (file:///home/ubuntu/asternal-engine/node_modules/.pnpm/vite@7.3.6_@types+node@24.13.3_jiti@2.7.0_lightningcss@1.32.0/node_modules/vite/dist/node/chunks/config.js:24622:20)
[2026-08-16T02:57:37.190Z] 2:57:37 AM [vite] (client) hmr update /src/main.tsx
[2026-08-16T02:57:37.387Z] 2:57:37 AM [vite] (client) hmr invalidate /src/main.tsx Could not Fast Refresh ("true" export is incompatible). Learn more at https://github.com/vitejs/vite-plugin-react/tree/main/packages/plugin-react#consistent-components-exports
[2026-08-16T02:57:37.387Z] 2:57:37 AM [vite] (client) page reload src/main.tsx
[2026-08-16T02:57:57.695Z] 2:57:57 AM [vite] (client) hmr update /src/styles.css, /src/components/engine/PaintEditor.tsx, /src/components/engine/AsternalEditor.tsx, /src/components/social/GlobalSearchPanel.tsx, /src/routes/index.tsx, /src/components/engine/ProjectManager.tsx, /src/components/social/GameCard.tsx, /src/components/social/GalleryCanvasPanel.tsx, /src/components/engine/SceneEditor.tsx, /src/components/engine/GameRuntime.tsx, /src/components/engine/UIEditor.tsx, /src/components/engine/AnimationEditor.tsx, /src/components/engine/ScriptEditor.tsx, /src/components/engine/TransformInspector.tsx
[2026-08-16T02:57:57.865Z] 2:57:57 AM [vite] (client) hmr invalidate /src/routes/index.tsx Could not Fast Refresh ("Route" export is incompatible). Learn more at https://github.com/vitejs/vite-plugin-react/tree/main/packages/plugin-react#consistent-components-exports
[2026-08-16T02:57:57.866Z] 2:57:57 AM [vite] (client) hmr update /src/main.tsx
[2026-08-16T02:57:57.866Z] 2:57:57 AM [vite] (client) hmr invalidate /src/components/engine/GameRuntime.tsx Could not Fast Refresh ("drawEntity" export is incompatible). Learn more at https://github.com/vitejs/vite-plugin-react/tree/main/packages/plugin-react#consistent-components-exports
[2026-08-16T02:57:57.866Z] 2:57:57 AM [vite] (client) hmr update /src/components/engine/AsternalEditor.tsx, /src/components/social/GameCard.tsx, /src/components/engine/UIEditor.tsx
[2026-08-16T02:57:57.866Z] 2:57:57 AM [vite] (client) hmr invalidate /src/components/engine/UIEditor.tsx Could not Fast Refresh ("drawUIElement" export is incompatible). Learn more at https://github.com/vitejs/vite-plugin-react/tree/main/packages/plugin-react#consistent-components-exports
[2026-08-16T02:57:57.866Z] 2:57:57 AM [vite] (client) hmr update /src/components/engine/AsternalEditor.tsx, /src/components/engine/GameRuntime.tsx
[2026-08-16T02:57:58.096Z] 2:57:58 AM [vite] (client) hmr invalidate /src/main.tsx Could not Fast Refresh ("true" export is incompatible). Learn more at https://github.com/vitejs/vite-plugin-react/tree/main/packages/plugin-react#consistent-components-exports
[2026-08-16T02:57:58.096Z] 2:57:58 AM [vite] (client) page reload src/main.tsx
[2026-08-16T02:58:26.825Z] 2:58:26 AM [vite] (client) hmr update /src/styles.css, /src/components/engine/SceneEditor.tsx
[2026-08-16T02:59:45.281Z] 2:59:45 AM [vite] (client) hmr update /src/styles.css, /src/components/engine/GameRuntime.tsx
[2026-08-16T02:59:45.433Z] 2:59:45 AM [vite] (client) hmr invalidate /src/components/engine/GameRuntime.tsx Could not Fast Refresh ("drawEntity" export is incompatible). Learn more at https://github.com/vitejs/vite-plugin-react/tree/main/packages/plugin-react#consistent-components-exports
[2026-08-16T02:59:45.433Z] 2:59:45 AM [vite] (client) hmr update /src/components/engine/AsternalEditor.tsx, /src/components/social/GameCard.tsx, /src/components/engine/UIEditor.tsx
[2026-08-16T03:00:38.119Z] 3:00:38 AM [vite] (client) hmr update /src/styles.css, /src/components/engine/SceneEditor.tsx
[2026-08-16T03:01:18.188Z] [ELIFECYCLE] Command failed.
[2026-08-16T03:01:18.192Z] Dev server exited with code -1
[2026-08-16T03:01:19.283Z] Starting dev server with command: pnpm run dev
[2026-08-16T03:01:19.541Z] $ vite
[2026-08-16T03:01:19.812Z] 3:01:19 AM [vite] (client) Re-optimizing dependencies because lockfile has changed
[2026-08-16T03:01:19.827Z] VITE v7.3.6  ready in 263 ms
[2026-08-16T03:01:19.827Z] ➜  Local:   http://localhost:5173/
[2026-08-16T03:01:19.827Z] ➜  Network: http://169.254.0.21:5173/
[2026-08-16T03:01:55.360Z] [ELIFECYCLE] Command failed.
[2026-08-16T03:01:55.365Z] Dev server exited with code -1
[2026-08-16T03:01:56.453Z] Starting dev server with command: pnpm run dev
[2026-08-16T03:01:56.718Z] $ vite
[2026-08-16T03:01:56.981Z] 3:01:56 AM [vite] (client) Re-optimizing dependencies because lockfile has changed
[2026-08-16T03:01:56.996Z] VITE v7.3.6  ready in 254 ms
[2026-08-16T03:01:56.996Z] ➜  Local:   http://localhost:5173/
[2026-08-16T03:01:56.996Z] ➜  Network: http://169.254.0.21:5173/
[2026-08-16T03:03:24.255Z] 3:03:24 AM [vite] (client) hmr update /src/styles.css
[2026-08-16T03:05:19.480Z] 3:05:19 AM [vite] (client) hmr update /src/styles.css, /src/components/social/GlobalSearchPanel.tsx, /src/components/engine/AsternalEditor.tsx, /src/routes/index.tsx, /src/components/engine/ProjectManager.tsx, /src/components/social/GameCard.tsx, /src/components/engine/SceneEditor.tsx, /src/components/engine/GameRuntime.tsx, /src/components/engine/TransformInspector.tsx
[2026-08-16T03:05:19.602Z] 3:05:19 AM [vite] (client) hmr invalidate /src/routes/index.tsx Could not Fast Refresh ("Route" export is incompatible). Learn more at https://github.com/vitejs/vite-plugin-react/tree/main/packages/plugin-react#consistent-components-exports
[2026-08-16T03:05:19.602Z] 3:05:19 AM [vite] (client) hmr update /src/main.tsx
[2026-08-16T03:05:19.602Z] 3:05:19 AM [vite] (client) hmr invalidate /src/components/engine/GameRuntime.tsx Could not Fast Refresh ("drawEntity" export is incompatible). Learn more at https://github.com/vitejs/vite-plugin-react/tree/main/packages/plugin-react#consistent-components-exports
[2026-08-16T03:05:19.602Z] 3:05:19 AM [vite] (client) hmr update /src/components/engine/AsternalEditor.tsx, /src/components/social/GameCard.tsx, /src/components/engine/UIEditor.tsx
[2026-08-16T03:05:19.868Z] 3:05:19 AM [vite] (client) hmr invalidate /src/main.tsx Could not Fast Refresh ("true" export is incompatible). Learn more at https://github.com/vitejs/vite-plugin-react/tree/main/packages/plugin-react#consistent-components-exports
[2026-08-16T03:05:19.868Z] 3:05:19 AM [vite] (client) page reload src/main.tsx
[2026-08-16T03:05:47.225Z] [ELIFECYCLE] Command failed.
[2026-08-16T03:05:47.230Z] Dev server exited with code -1
[2026-08-16T03:05:48.318Z] Starting dev server with command: pnpm run dev
[2026-08-16T03:05:48.573Z] $ vite
[2026-08-16T03:05:48.839Z] VITE v7.3.6  ready in 243 ms
[2026-08-16T03:05:48.839Z] ➜  Local:   http://localhost:5173/
[2026-08-16T03:05:48.839Z] ➜  Network: http://169.254.0.21:5173/
[2026-08-16T03:13:56.359Z] 3:13:56 AM [vite] (client) hmr update /src/styles.css, /src/components/engine/SceneEditor.tsx, /src/components/engine/GameRuntime.tsx, /src/components/engine/AsternalEditor.tsx, /src/components/social/GlobalSearchPanel.tsx, /src/components/social/GameCard.tsx, /src/routes/index.tsx, /src/components/engine/ProjectManager.tsx, /src/components/engine/TransformInspector.tsx
[2026-08-16T03:13:56.594Z] 3:13:56 AM [vite] (client) hmr invalidate /src/components/engine/GameRuntime.tsx Could not Fast Refresh ("drawEntity" export is incompatible). Learn more at https://github.com/vitejs/vite-plugin-react/tree/main/packages/plugin-react#consistent-components-exports
[2026-08-16T03:13:56.594Z] 3:13:56 AM [vite] (client) hmr update /src/components/engine/AsternalEditor.tsx, /src/components/social/GameCard.tsx, /src/components/engine/UIEditor.tsx
[2026-08-16T03:13:56.595Z] 3:13:56 AM [vite] (client) hmr invalidate /src/routes/index.tsx Could not Fast Refresh ("Route" export is incompatible). Learn more at https://github.com/vitejs/vite-plugin-react/tree/main/packages/plugin-react#consistent-components-exports
[2026-08-16T03:13:56.595Z] 3:13:56 AM [vite] (client) hmr update /src/main.tsx
[2026-08-16T03:13:56.855Z] 3:13:56 AM [vite] (client) hmr invalidate /src/main.tsx Could not Fast Refresh ("true" export is incompatible). Learn more at https://github.com/vitejs/vite-plugin-react/tree/main/packages/plugin-react#consistent-components-exports
[2026-08-16T03:13:56.855Z] 3:13:56 AM [vite] (client) page reload src/main.tsx
[2026-08-16T03:15:30.464Z] 3:15:30 AM [vite] (client) hmr update /src/styles.css, /src/components/engine/SceneEditor.tsx, /src/components/engine/GameRuntime.tsx, /src/components/engine/AsternalEditor.tsx, /src/components/social/GlobalSearchPanel.tsx, /src/components/social/GameCard.tsx, /src/routes/index.tsx, /src/components/engine/ProjectManager.tsx, /src/components/engine/TransformInspector.tsx
[2026-08-16T03:15:30.601Z] 3:15:30 AM [vite] (client) hmr invalidate /src/components/engine/GameRuntime.tsx Could not Fast Refresh ("drawEntity" export is incompatible). Learn more at https://github.com/vitejs/vite-plugin-react/tree/main/packages/plugin-react#consistent-components-exports
[2026-08-16T03:15:30.601Z] 3:15:30 AM [vite] (client) hmr update /src/components/engine/AsternalEditor.tsx, /src/components/social/GameCard.tsx, /src/components/engine/UIEditor.tsx
[2026-08-16T03:15:30.601Z] 3:15:30 AM [vite] (client) hmr invalidate /src/routes/index.tsx Could not Fast Refresh ("Route" export is incompatible). Learn more at https://github.com/vitejs/vite-plugin-react/tree/main/packages/plugin-react#consistent-components-exports
[2026-08-16T03:15:30.601Z] 3:15:30 AM [vite] (client) hmr update /src/main.tsx
[2026-08-16T03:15:30.840Z] 3:15:30 AM [vite] (client) hmr invalidate /src/main.tsx Could not Fast Refresh ("true" export is incompatible). Learn more at https://github.com/vitejs/vite-plugin-react/tree/main/packages/plugin-react#consistent-components-exports
[2026-08-16T03:15:30.840Z] 3:15:30 AM [vite] (client) page reload src/main.tsx
[2026-08-16T03:16:32.362Z] 3:16:32 AM [vite] (client) hmr update /src/styles.css
[2026-08-16T03:16:47.279Z] 3:16:47 AM [vite] (client) hmr update /src/styles.css
[2026-08-16T03:17:15.729Z] [ELIFECYCLE] Command failed.
[2026-08-16T03:17:15.735Z] Dev server exited with code -1
[2026-08-16T03:17:16.822Z] Starting dev server with command: pnpm run dev
[2026-08-16T03:17:17.078Z] $ vite
[2026-08-16T03:17:17.328Z] VITE v7.3.6  ready in 227 ms
[2026-08-16T03:17:17.329Z] ➜  Local:   http://localhost:5173/
[2026-08-16T03:17:17.329Z] ➜  Network: http://169.254.0.21:5173/
[2026-08-16T03:18:13.824Z] [ELIFECYCLE] Command failed.
[2026-08-16T03:18:13.830Z] Dev server exited with code -1
[2026-08-16T03:18:14.917Z] Starting dev server with command: pnpm run dev
[2026-08-16T03:18:15.180Z] $ vite
[2026-08-16T03:18:15.432Z] VITE v7.3.6  ready in 227 ms
[2026-08-16T03:18:15.432Z] ➜  Local:   http://localhost:5173/
[2026-08-16T03:18:15.432Z] ➜  Network: http://169.254.0.21:5173/
[2026-08-16T03:18:56.185Z] 3:18:56 AM [vite] (client) hmr update /src/styles.css
[2026-08-16T03:21:03.111Z] 3:21:03 AM [vite] (client) hmr update /src/styles.css, /src/components/social/GlobalSearchPanel.tsx, /src/components/engine/AsternalEditor.tsx, /src/routes/index.tsx, /src/components/engine/ProjectManager.tsx, /src/components/social/GameCard.tsx, /src/components/engine/SceneEditor.tsx, /src/components/engine/GameRuntime.tsx, /src/components/engine/TransformInspector.tsx
[2026-08-16T03:21:09.834Z] 3:21:09 AM [vite] (client) hmr update /src/styles.css
[2026-08-16T03:21:14.036Z] 3:21:14 AM [vite] (client) hmr update /src/styles.css
[2026-08-16T03:21:21.915Z] 3:21:21 AM [vite] (client) hmr update /src/styles.css, /src/components/engine/GameRuntime.tsx
[2026-08-16T03:21:31.129Z] 3:21:31 AM [vite] (client) hmr update /src/styles.css
[2026-08-16T03:26:19.858Z] 3:26:19 AM [vite] (client) hmr update /src/styles.css, /src/components/engine/PaintEditor.tsx, /src/components/engine/AsternalEditor.tsx, /src/components/social/GlobalSearchPanel.tsx, /src/routes/index.tsx, /src/components/engine/ProjectManager.tsx, /src/components/social/GameCard.tsx, /src/components/engine/SceneEditor.tsx, /src/components/engine/GameRuntime.tsx, /src/components/engine/AnimationEditor.tsx, /src/components/engine/UIEditor.tsx, /src/components/engine/TransformInspector.tsx, /src/components/engine/ScriptEditor.tsx, /src/components/social/GalleryCanvasPanel.tsx
[2026-08-16T03:26:41.477Z] 3:26:41 AM [vite] (client) hmr update /src/styles.css, /src/components/social/GlobalSearchPanel.tsx, /src/components/engine/AsternalEditor.tsx, /src/routes/index.tsx, /src/components/engine/ProjectManager.tsx, /src/components/social/GameCard.tsx
[2026-08-16T03:27:34.170Z] 3:27:34 AM [vite] (client) hmr update /src/styles.css, /src/components/engine/AsternalEditor.tsx
[2026-08-16T03:27:50.693Z] 3:27:50 AM [vite] (client) hmr update /src/styles.css, /src/components/social/GlobalSearchPanel.tsx, /src/components/engine/AsternalEditor.tsx, /src/routes/index.tsx, /src/components/engine/ProjectManager.tsx, /src/components/social/GameCard.tsx, /src/components/engine/SceneEditor.tsx, /src/components/engine/GameRuntime.tsx, /src/components/engine/TransformInspector.tsx
[2026-08-16T03:28:06.478Z] 3:28:06 AM [vite] (client) hmr update /src/styles.css, /src/components/engine/GameRuntime.tsx
[2026-08-16T03:28:22.801Z] 3:28:22 AM [vite] (client) hmr update /src/styles.css, /src/components/engine/PaintEditor.tsx, /src/components/engine/AsternalEditor.tsx, /src/components/social/GlobalSearchPanel.tsx, /src/routes/index.tsx, /src/components/engine/ProjectManager.tsx, /src/components/social/GameCard.tsx, /src/components/engine/SceneEditor.tsx, /src/components/engine/GameRuntime.tsx, /src/components/engine/AnimationEditor.tsx, /src/components/engine/UIEditor.tsx, /src/components/engine/TransformInspector.tsx, /src/components/engine/ScriptEditor.tsx, /src/components/social/GalleryCanvasPanel.tsx
[2026-08-16T03:29:44.194Z] 3:29:44 AM [vite] (client) hmr update /src/styles.css, /src/components/engine/PaintEditor.tsx, /src/components/engine/AsternalEditor.tsx, /src/components/social/GlobalSearchPanel.tsx, /src/routes/index.tsx, /src/components/engine/ProjectManager.tsx, /src/components/social/GameCard.tsx, /src/components/engine/SceneEditor.tsx, /src/components/engine/GameRuntime.tsx, /src/components/engine/AnimationEditor.tsx, /src/components/engine/UIEditor.tsx, /src/components/engine/TransformInspector.tsx, /src/components/engine/ScriptEditor.tsx, /src/components/social/GalleryCanvasPanel.tsx
[2026-08-16T03:29:58.004Z] 3:29:58 AM [vite] (client) hmr update /src/styles.css, /src/components/engine/PaintEditor.tsx, /src/components/engine/AsternalEditor.tsx, /src/components/social/GlobalSearchPanel.tsx, /src/routes/index.tsx, /src/components/engine/ProjectManager.tsx, /src/components/social/GameCard.tsx, /src/components/engine/SceneEditor.tsx, /src/components/engine/GameRuntime.tsx, /src/components/engine/AnimationEditor.tsx, /src/components/engine/UIEditor.tsx, /src/components/engine/TransformInspector.tsx, /src/components/engine/ScriptEditor.tsx, /src/components/social/GalleryCanvasPanel.tsx
[2026-08-16T03:30:20.028Z] [ELIFECYCLE] Command failed.
[2026-08-16T03:30:20.032Z] Dev server exited with code -1
[2026-08-16T03:30:21.121Z] Starting dev server with command: pnpm run dev
[2026-08-16T03:30:21.382Z] $ vite
[2026-08-16T03:30:21.652Z] VITE v7.3.6  ready in 247 ms
[2026-08-16T03:30:21.652Z] ➜  Local:   http://localhost:5173/
[2026-08-16T03:30:21.653Z] ➜  Network: http://169.254.0.21:5173/
[2026-08-16T03:30:39.602Z] 3:30:39 AM [vite] (client) hmr update /src/styles.css
[2026-08-16T03:31:34.704Z] 3:31:34 AM [vite] (client) hmr update /src/styles.css, /src/components/engine/ComponentInspector.tsx
[2026-08-16T03:32:02.857Z] 3:32:02 AM [vite] (client) hmr update /src/styles.css, /src/components/engine/AsternalEditor.tsx, /src/components/social/GlobalSearchPanel.tsx, /src/routes/index.tsx, /src/components/engine/ProjectManager.tsx, /src/components/social/GameCard.tsx, /src/components/engine/GameRuntime.tsx, /src/components/engine/ComponentInspector.tsx
[2026-08-16T03:32:15.339Z] 3:32:15 AM [vite] (client) hmr update /src/styles.css, /src/components/engine/AsternalEditor.tsx, /src/components/social/GlobalSearchPanel.tsx, /src/routes/index.tsx, /src/components/engine/ProjectManager.tsx, /src/components/social/GameCard.tsx, /src/components/engine/GameRuntime.tsx, /src/components/engine/ComponentInspector.tsx
[2026-08-16T03:32:18.938Z] 3:32:18 AM [vite] (client) hmr update /src/styles.css, /src/components/engine/SceneEditor.tsx
[2026-08-16T03:32:47.214Z] 3:32:47 AM [vite] (client) hmr update /src/styles.css
[2026-08-16T03:33:14.645Z] 3:33:14 AM [vite] (client) hmr update /src/styles.css, /src/components/engine/AsternalEditor.tsx, /src/components/social/GlobalSearchPanel.tsx, /src/routes/index.tsx, /src/components/engine/ProjectManager.tsx, /src/components/social/GameCard.tsx, /src/components/engine/GameRuntime.tsx, /src/components/engine/ComponentInspector.tsx
[2026-08-16T03:33:40.677Z] 3:33:40 AM [vite] (client) hmr update /src/styles.css, /src/components/engine/PaintEditor.tsx, /src/components/engine/AsternalEditor.tsx, /src/components/social/GlobalSearchPanel.tsx, /src/routes/index.tsx, /src/components/engine/ProjectManager.tsx, /src/components/social/GameCard.tsx, /src/components/engine/SceneEditor.tsx, /src/components/engine/GameRuntime.tsx, /src/components/engine/AnimationEditor.tsx, /src/components/engine/UIEditor.tsx, /src/components/engine/TransformInspector.tsx, /src/components/social/GalleryCanvasPanel.tsx, /src/components/engine/ScriptEditor.tsx
[2026-08-16T03:45:25.016Z] 3:45:25 AM [vite] (client) hmr update /src/styles.css, /src/components/engine/PaintEditor.tsx, /src/components/engine/AsternalEditor.tsx, /src/components/social/GlobalSearchPanel.tsx, /src/routes/index.tsx, /src/components/engine/ProjectManager.tsx, /src/components/social/GameCard.tsx, /src/components/engine/SceneEditor.tsx, /src/components/engine/GameRuntime.tsx, /src/components/engine/AnimationEditor.tsx, /src/components/engine/UIEditor.tsx, /src/components/engine/TransformInspector.tsx, /src/components/social/GalleryCanvasPanel.tsx, /src/components/engine/ScriptEditor.tsx
[2026-08-16T03:45:32.608Z] 3:45:32 AM [vite] (client) hmr update /src/styles.css, /src/components/engine/GameRuntime.tsx, /src/components/engine/ScriptEditor.tsx
[2026-08-16T03:45:38.431Z] 3:45:38 AM [vite] (client) hmr update /src/styles.css, /src/components/engine/ScriptEditor.tsx
[2026-08-16T04:06:56.607Z] 4:06:56 AM [vite] (client) hmr update /src/styles.css, /src/components/engine/GameRuntime.tsx, /src/components/engine/ScriptEditor.tsx
[2026-08-16T04:07:26.662Z] 4:07:26 AM [vite] (client) hmr update /src/styles.css, /src/components/engine/GameRuntime.tsx, /src/components/engine/ScriptEditor.tsx
[2026-08-16T04:07:39.860Z] 4:07:39 AM [vite] (client) hmr update /src/styles.css, /src/components/engine/GameRuntime.tsx
[2026-08-16T04:08:21.114Z] [ELIFECYCLE] Command failed.
[2026-08-16T04:08:21.119Z] Dev server exited with code -1
[2026-08-16T04:08:22.207Z] Starting dev server with command: pnpm run dev
[2026-08-16T04:08:22.466Z] $ vite
[2026-08-16T04:08:22.744Z] VITE v7.3.6  ready in 253 ms
[2026-08-16T04:08:22.744Z] ➜  Local:   http://localhost:5173/
[2026-08-16T04:08:22.744Z] ➜  Network: http://169.254.0.21:5173/
[2026-08-16T04:12:49.930Z] 4:12:49 AM [vite] (client) hmr update /src/styles.css, /src/components/engine/PaintEditor.tsx, /src/components/engine/AsternalEditor.tsx, /src/components/social/GlobalSearchPanel.tsx, /src/routes/index.tsx, /src/components/engine/ProjectManager.tsx, /src/components/social/GameCard.tsx, /src/components/engine/SceneEditor.tsx, /src/components/engine/GameRuntime.tsx, /src/components/engine/AnimationEditor.tsx, /src/components/engine/UIEditor.tsx, /src/components/engine/TransformInspector.tsx, /src/components/social/GalleryCanvasPanel.tsx, /src/components/engine/ScriptEditor.tsx
[2026-08-16T04:13:02.191Z] 4:13:02 AM [vite] (client) hmr update /src/styles.css
[2026-08-16T04:13:27.459Z] [ELIFECYCLE] Command failed.
[2026-08-16T04:13:27.465Z] Dev server exited with code -1
[2026-08-16T04:13:28.551Z] Starting dev server with command: pnpm run dev
[2026-08-16T04:13:28.813Z] $ vite
[2026-08-16T04:13:29.082Z] VITE v7.3.6  ready in 246 ms
[2026-08-16T04:13:29.082Z] ➜  Local:   http://localhost:5173/
[2026-08-16T04:13:29.082Z] ➜  Network: http://169.254.0.21:5173/
[2026-08-16T04:16:14.383Z] [ELIFECYCLE] Command failed.
[2026-08-16T04:16:14.389Z] Dev server exited with code -1
[2026-08-16T04:16:15.475Z] Starting dev server with command: pnpm run dev
[2026-08-16T04:16:15.730Z] $ vite
[2026-08-16T04:16:15.986Z] VITE v7.3.6  ready in 232 ms
[2026-08-16T04:16:15.986Z] ➜  Local:   http://localhost:5173/
[2026-08-16T04:16:15.987Z] ➜  Network: http://169.254.0.21:5173/
[2026-08-16T14:43:47.289Z] 2:43:47 PM [vite] (client) hmr update /src/styles.css, /src/components/engine/GameRuntime.tsx
[2026-08-16T14:44:21.196Z] 2:44:21 PM [vite] (client) hmr update /src/styles.css
[2026-08-16T14:44:40.118Z] 2:44:40 PM [vite] (client) hmr update /src/styles.css
[2026-08-16T14:45:07.236Z] [ELIFECYCLE] Command failed.
[2026-08-16T14:45:07.241Z] Dev server exited with code -1
[2026-08-16T14:45:08.328Z] Starting dev server with command: pnpm run dev
[2026-08-16T14:45:08.598Z] $ vite
[2026-08-16T14:45:08.860Z] VITE v7.3.6  ready in 236 ms
[2026-08-16T14:45:08.860Z] ➜  Local:   http://localhost:5173/
[2026-08-16T14:45:08.860Z] ➜  Network: http://169.254.0.21:5173/
[2026-08-16T15:25:49.796Z] 3:25:49 PM [vite] (client) hmr update /src/styles.css, /src/components/engine/ScriptEditor.tsx
[2026-08-16T15:26:00.507Z] 3:26:00 PM [vite] (client) hmr update /src/styles.css, /src/components/engine/ScriptEditor.tsx
[2026-08-16T15:26:12.298Z] 3:26:12 PM [vite] (client) hmr update /src/styles.css, /src/components/engine/ScriptEditor.tsx
[2026-08-16T15:32:52.662Z] 3:32:52 PM [vite] (client) hmr update /src/styles.css, /src/components/social/GlobalSearchPanel.tsx, /src/components/engine/AsternalEditor.tsx, /src/routes/index.tsx, /src/components/engine/ProjectManager.tsx, /src/components/social/GameCard.tsx, /src/components/engine/SceneEditor.tsx, /src/components/engine/GameRuntime.tsx, /src/components/engine/TransformInspector.tsx, /src/components/engine/ComponentInspector.tsx, /src/components/engine/ScriptEditor.tsx
[2026-08-16T15:33:08.995Z] 3:33:08 PM [vite] (client) hmr update /src/styles.css, /src/components/engine/AsternalEditor.tsx, /src/components/engine/PaintEditor.tsx, /src/components/social/GlobalSearchPanel.tsx, /src/routes/index.tsx, /src/components/engine/ProjectManager.tsx, /src/components/social/GameCard.tsx, /src/components/engine/SceneEditor.tsx, /src/components/engine/GameRuntime.tsx, /src/components/engine/AnimationEditor.tsx, /src/components/engine/UIEditor.tsx, /src/components/engine/TransformInspector.tsx, /src/components/social/GalleryCanvasPanel.tsx, /src/components/engine/ScriptEditor.tsx
[2026-08-16T15:33:14.672Z] 3:33:14 PM [vite] (client) hmr update /src/styles.css, /src/components/social/GlobalSearchPanel.tsx, /src/components/engine/AsternalEditor.tsx, /src/routes/index.tsx, /src/components/engine/ProjectManager.tsx, /src/components/social/GameCard.tsx
[2026-08-16T15:33:24.458Z] 3:33:24 PM [vite] (client) hmr update /src/styles.css, /src/components/engine/GameRuntime.tsx
[2026-08-16T15:34:01.886Z] 3:34:01 PM [vite] (client) hmr update /src/styles.css, /src/components/engine/AsternalEditor.tsx, /src/components/engine/PaintEditor.tsx, /src/components/social/GlobalSearchPanel.tsx, /src/routes/index.tsx, /src/components/engine/ProjectManager.tsx, /src/components/social/GameCard.tsx, /src/components/engine/SceneEditor.tsx, /src/components/engine/GameRuntime.tsx, /src/components/engine/AnimationEditor.tsx, /src/components/engine/UIEditor.tsx, /src/components/engine/TransformInspector.tsx, /src/components/social/GalleryCanvasPanel.tsx, /src/components/engine/ScriptEditor.tsx
[2026-08-16T15:34:17.951Z] 3:34:17 PM [vite] (client) hmr update /src/styles.css, /src/components/engine/AsternalEditor.tsx, /src/components/engine/PaintEditor.tsx, /src/components/social/GlobalSearchPanel.tsx, /src/routes/index.tsx, /src/components/engine/ProjectManager.tsx, /src/components/social/GameCard.tsx, /src/components/engine/SceneEditor.tsx, /src/components/engine/GameRuntime.tsx, /src/components/engine/AnimationEditor.tsx, /src/components/engine/UIEditor.tsx, /src/components/engine/TransformInspector.tsx, /src/components/social/GalleryCanvasPanel.tsx, /src/components/engine/ScriptEditor.tsx
[2026-08-16T15:34:24.114Z] 3:34:24 PM [vite] (client) hmr update /src/styles.css, /src/components/engine/AsternalEditor.tsx, /src/components/engine/PaintEditor.tsx, /src/components/social/GlobalSearchPanel.tsx, /src/routes/index.tsx, /src/components/engine/ProjectManager.tsx, /src/components/social/GameCard.tsx, /src/components/engine/SceneEditor.tsx, /src/components/engine/GameRuntime.tsx, /src/components/engine/AnimationEditor.tsx, /src/components/engine/UIEditor.tsx, /src/components/engine/TransformInspector.tsx, /src/components/social/GalleryCanvasPanel.tsx, /src/components/engine/ScriptEditor.tsx
[2026-08-16T15:35:38.989Z] 3:35:38 PM [vite] (client) hmr update /src/styles.css, /src/components/engine/GameRuntime.tsx, /src/components/engine/ScriptEditor.tsx
[2026-08-16T15:35:40.770Z] 3:35:40 PM [vite] (client) hmr invalidate /src/components/engine/GameRuntime.tsx Could not Fast Refresh ("drawEntity" export is incompatible). Learn more at https://github.com/vitejs/vite-plugin-react/tree/main/packages/plugin-react#consistent-components-exports
[2026-08-16T15:35:40.771Z] 3:35:40 PM [vite] (client) hmr update /src/components/engine/AsternalEditor.tsx, /src/components/engine/UIEditor.tsx, /src/components/social/GameCard.tsx
[2026-08-16T15:35:46.730Z] 3:35:46 PM [vite] (client) hmr update /src/styles.css, /src/components/engine/AsternalEditor.tsx
[2026-08-16T15:35:53.053Z] 3:35:53 PM [vite] (client) hmr update /src/styles.css, /src/components/engine/SceneEditor.tsx
[2026-08-16T15:36:05.648Z] 3:36:05 PM [vite] (client) hmr update /src/styles.css, /src/components/engine/AsternalEditor.tsx, /src/components/engine/PaintEditor.tsx, /src/components/social/GlobalSearchPanel.tsx, /src/routes/index.tsx, /src/components/engine/ProjectManager.tsx, /src/components/social/GameCard.tsx, /src/components/engine/SceneEditor.tsx, /src/components/engine/GameRuntime.tsx, /src/components/engine/AnimationEditor.tsx, /src/components/engine/UIEditor.tsx, /src/components/engine/TransformInspector.tsx, /src/components/social/GalleryCanvasPanel.tsx, /src/components/engine/ScriptEditor.tsx
[2026-08-16T15:36:05.746Z] 3:36:05 PM [vite] (client) page reload src/lib/engine/ecs.ts
[2026-08-16T15:36:05.746Z] 3:36:05 PM [vite] (client) hmr update /src/styles.css
[2026-08-16T15:36:05.746Z] 3:36:05 PM [vite] (client) hmr update /src/styles.css, /src/components/engine/ComponentInspector.tsx
[2026-08-16T15:36:31.475Z] 3:36:31 PM [vite] (client) hmr update /src/styles.css
[2026-08-16T15:36:41.819Z] 3:36:41 PM [vite] (client) hmr update /src/styles.css
[2026-08-16T15:41:27.457Z] 3:41:27 PM [vite] (client) hmr update /src/styles.css
[2026-08-16T15:42:16.926Z] [ELIFECYCLE] Command failed.
[2026-08-16T15:42:16.931Z] Dev server exited with code -1
[2026-08-16T15:42:18.018Z] Starting dev server with command: pnpm run dev
[2026-08-16T15:42:18.297Z] $ vite
[2026-08-16T15:42:18.566Z] VITE v7.3.6  ready in 241 ms
[2026-08-16T15:42:18.566Z] ➜  Local:   http://localhost:5173/
[2026-08-16T15:42:18.566Z] ➜  Network: http://169.254.0.21:5173/
[2026-08-16T22:41:49.349Z] 10:41:49 PM [vite] (client) hmr update /src/styles.css, /src/components/engine/GameRuntime.tsx, /src/components/engine/ScriptEditor.tsx
[2026-08-16T22:42:12.731Z] 10:42:12 PM [vite] (client) hmr update /src/styles.css, /src/components/engine/ScriptEditor.tsx
[2026-08-16T22:42:29.398Z] 10:42:29 PM [vite] (client) hmr update /src/styles.css, /src/components/engine/ScriptEditor.tsx
[2026-08-16T22:43:51.629Z] 10:43:51 PM [vite] (client) hmr update /src/styles.css, /src/components/engine/GameRuntime.tsx, /src/components/engine/ScriptEditor.tsx
[2026-08-16T22:44:32.131Z] 10:44:32 PM [vite] (client) hmr update /src/styles.css, /src/components/engine/GameRuntime.tsx, /src/components/engine/ScriptEditor.tsx
[2026-08-16T22:44:56.451Z] 10:44:56 PM [vite] (client) hmr update /src/styles.css, /src/components/engine/ScriptEditor.tsx
[2026-08-16T22:45:35.868Z] 10:45:35 PM [vite] (client) hmr update /src/styles.css
[2026-08-16T23:13:39.833Z] [ELIFECYCLE] Command failed.
[2026-08-16T23:13:39.839Z] Dev server exited with code -1
[2026-08-16T23:13:40.926Z] Starting dev server with command: pnpm run dev
[2026-08-16T23:13:41.179Z] $ vite
[2026-08-16T23:13:41.435Z] VITE v7.3.6  ready in 232 ms
[2026-08-16T23:13:41.435Z] ➜  Local:   http://localhost:5173/
[2026-08-16T23:13:41.435Z] ➜  Network: http://169.254.0.21:5173/
[2026-08-16T23:16:49.183Z] [ELIFECYCLE] Command failed.
[2026-08-16T23:16:49.187Z] Dev server exited with code -1
[2026-08-16T23:16:50.275Z] Starting dev server with command: pnpm run dev
[2026-08-16T23:16:50.536Z] $ vite
[2026-08-16T23:16:50.826Z] VITE v7.3.6  ready in 265 ms
[2026-08-16T23:16:50.827Z] ➜  Local:   http://localhost:5173/
[2026-08-16T23:16:50.827Z] ➜  Network: http://169.254.0.21:5173/
[2026-08-16T23:17:45.980Z] [ELIFECYCLE] Command failed.
[2026-08-16T23:17:45.984Z] Dev server exited with code -1
[2026-08-16T23:17:47.072Z] Starting dev server with command: pnpm run dev
[2026-08-16T23:17:47.338Z] $ vite
[2026-08-16T23:17:47.612Z] 11:17:47 PM [vite] (client) Re-optimizing dependencies because lockfile has changed
[2026-08-16T23:17:47.628Z] VITE v7.3.6  ready in 267 ms
[2026-08-16T23:17:47.628Z] ➜  Local:   http://localhost:5173/
[2026-08-16T23:17:47.628Z] ➜  Network: http://169.254.0.21:5173/
[2026-08-16T23:18:15.059Z] [ELIFECYCLE] Command failed.
[2026-08-16T23:18:15.064Z] Dev server exited with code -1
[2026-08-16T23:18:16.150Z] Starting dev server with command: pnpm run dev
[2026-08-16T23:18:16.426Z] $ vite
[2026-08-16T23:18:16.738Z] 11:18:16 PM [vite] (client) Re-optimizing dependencies because lockfile has changed
[2026-08-16T23:18:16.758Z] VITE v7.3.6  ready in 306 ms
[2026-08-16T23:18:16.758Z] ➜  Local:   http://localhost:5173/
[2026-08-16T23:18:16.758Z] ➜  Network: http://169.254.0.21:5173/
[2026-08-16T23:47:18.537Z] 11:47:18 PM [vite] (client) hmr update /src/styles.css, /src/routes/reset-password.tsx, /src/routes/profile.tsx, /src/routes/plus.tsx, /src/routes/feed.tsx, /src/routes/search.tsx, /src/routes/profile.$userId.tsx, /src/routes/admin.tsx, /src/routes/index.tsx, /src/routes/orbes.tsx, /src/routes/auth.tsx, /src/components/social/NotificationBell.tsx, /src/components/social/ForumSection.tsx, /src/components/social/UserName.tsx, /src/components/social/PostCard.tsx, /src/components/social/NotificationsPanel.tsx, /src/components/social/PostComposer.tsx, /src/components/social/ProfilePanel.tsx, /src/components/social/EventsSection.tsx, /src/components/social/GamesHome.tsx, /src/components/social/GallerySection.tsx, /src/components/engine/AsternalEditor.tsx, /src/components/engine/ProjectManager.tsx, /src/components/social/GlobalSearchPanel.tsx, /src/components/social/ChatSection.tsx, /src/components/social/WorkChatPanel.tsx, /src/components/social/HistorySection.tsx, /src/components/social/GameCard.tsx, /src/components/social/CommentSection.tsx, /src/components/engine/PublishGameDialog.tsx
[2026-08-16T23:47:29.292Z] [ELIFECYCLE] Command failed.
[2026-08-16T23:47:29.296Z] Dev server exited with code -1
[2026-08-16T23:47:30.384Z] Starting dev server with command: pnpm run dev
[2026-08-16T23:47:30.727Z] $ vite
[2026-08-16T23:47:31.000Z] 11:47:31 PM [vite] (client) Re-optimizing dependencies because lockfile has changed
[2026-08-16T23:47:31.018Z] VITE v7.3.6  ready in 267 ms
[2026-08-16T23:47:31.018Z] ➜  Local:   http://localhost:5173/
[2026-08-16T23:47:31.018Z] ➜  Network: http://169.254.0.21:5173/
[2026-08-16T23:47:55.219Z] 11:47:55 PM [vite] (client) hmr update /src/styles.css
[2026-08-16T23:48:11.031Z] 11:48:11 PM [vite] (client) hmr update /src/styles.css
[2026-08-16T23:48:23.282Z] 11:48:23 PM [vite] (client) hmr update /src/styles.css
[2026-08-16T23:49:33.820Z] 11:49:33 PM [vite] (client) hmr update /src/styles.css
[2026-08-16T23:49:51.413Z] 11:49:51 PM [vite] (client) hmr update /src/routes/auth.tsx, /src/styles.css
[2026-08-16T23:52:13.896Z] 11:52:13 PM [vite] (client) hmr update /src/styles.css, /src/routes/profile.tsx, /src/routes/feed.tsx, /src/routes/profile.$userId.tsx, /src/routes/admin.tsx, /src/routes/plus.tsx, /src/routes/index.tsx, /src/routes/orbes.tsx, /src/components/social/ProfilePanel.tsx, /src/components/social/PostComposer.tsx, /src/components/social/PostCard.tsx, /src/components/social/NotificationBell.tsx, /src/components/social/ChatSection.tsx, /src/components/social/GlobalSearchPanel.tsx, /src/components/social/WorkChatPanel.tsx, /src/components/social/UserName.tsx, /src/components/social/GamesHome.tsx, /src/components/social/NotificationsPanel.tsx, /src/components/social/GallerySection.tsx, /src/components/social/EventsSection.tsx, /src/components/engine/AsternalEditor.tsx, /src/components/engine/ProjectManager.tsx, /src/components/social/HistorySection.tsx, /src/components/social/GameCard.tsx, /src/components/social/CommentSection.tsx, /src/components/engine/PublishGameDialog.tsx
[2026-08-16T23:52:41.797Z] 11:52:41 PM [vite] (client) hmr update /src/main.tsx, /src/styles.css
[2026-08-16T23:53:23.833Z] 11:53:23 PM [vite] (client) hmr update /src/styles.css, /src/components/social/ChatSection.tsx, /src/components/social/GlobalSearchPanel.tsx, /src/components/social/WorkChatPanel.tsx
[2026-08-16T23:53:28.122Z] 11:53:28 PM [vite] (client) hmr update /src/styles.css, /src/routes/admin.tsx, /src/components/social/ChatSection.tsx, /src/components/social/GlobalSearchPanel.tsx, /src/components/social/WorkChatPanel.tsx
[2026-08-16T23:54:14.278Z] [ELIFECYCLE] Command failed.
[2026-08-16T23:54:14.282Z] Dev server exited with code -1
[2026-08-16T23:54:15.369Z] Starting dev server with command: pnpm run dev
[2026-08-16T23:54:15.631Z] $ vite
[2026-08-16T23:54:15.882Z] VITE v7.3.6  ready in 227 ms
[2026-08-16T23:54:15.882Z] ➜  Local:   http://localhost:5173/
[2026-08-16T23:54:15.882Z] ➜  Network: http://169.254.0.21:5173/
[2026-08-16T23:58:17.515Z] 11:58:17 PM [vite] (client) hmr update /src/styles.css, /src/components/social/GamesHome.tsx
[2026-08-17T00:07:41.671Z] 12:07:41 AM [vite] (client) hmr update /src/routes/auth.tsx, /src/styles.css
[2026-08-17T00:17:21.329Z] 12:17:21 AM [vite] (client) hmr update /src/styles.css, /src/routes/auth.tsx
[2026-08-17T00:17:32.452Z] 12:17:32 AM [vite] (client) hmr update /src/routes/auth.tsx, /src/styles.css
[2026-08-17T00:18:34.052Z] 12:18:34 AM [vite] (client) hmr update /src/routes/auth.tsx, /src/styles.css
[2026-08-17T00:19:35.399Z] 12:19:35 AM [vite] (client) hmr update /src/routes/auth.tsx, /src/styles.css
[2026-08-17T00:27:51.591Z] 12:27:51 AM [vite] (client) hmr update /src/styles.css, /src/routes/auth.tsx
[2026-08-17T00:27:52.058Z] 12:27:52 AM [vite] (client) hmr update /src/routes/auth.tsx, /src/styles.css
[2026-08-17T00:30:16.699Z] 12:30:16 AM [vite] vite.config.ts changed, restarting server...
[2026-08-17T00:30:16.724Z] 12:30:16 AM [vite] (client) Re-optimizing dependencies because lockfile has changed
[2026-08-17T00:30:16.738Z] 12:30:16 AM [vite] server restarted.
[2026-08-17T00:32:31.690Z] [ELIFECYCLE] Command failed.
[2026-08-17T00:32:31.696Z] Dev server exited with code -1
[2026-08-17T00:32:32.783Z] Starting dev server with command: pnpm run dev
[2026-08-17T00:32:33.063Z] $ vite
[2026-08-17T00:32:33.337Z] VITE v7.3.6  ready in 248 ms
[2026-08-17T00:32:33.337Z] ➜  Local:   http://localhost:5173/
[2026-08-17T00:32:33.337Z] ➜  Network: http://169.254.0.21:5173/
[2026-08-17T01:24:13.398Z] [ELIFECYCLE] Command failed.
[2026-08-17T01:24:13.404Z] Dev server exited with code -1
[2026-08-17T01:24:14.490Z] Starting dev server with command: pnpm run dev
[2026-08-17T01:24:14.751Z] $ vite
[2026-08-17T01:24:15.006Z] VITE v7.3.6  ready in 231 ms
[2026-08-17T01:24:15.006Z] ➜  Local:   http://localhost:5173/
[2026-08-17T01:24:15.006Z] ➜  Network: http://169.254.0.21:5173/
[2026-08-17T01:28:33.920Z] [ELIFECYCLE] Command failed.
[2026-08-17T01:28:33.926Z] Dev server exited with code -1
[2026-08-17T01:28:35.013Z] Starting dev server with command: pnpm run dev
[2026-08-17T01:28:35.278Z] $ vite
[2026-08-17T01:28:35.540Z] VITE v7.3.6  ready in 238 ms
[2026-08-17T01:28:35.540Z] ➜  Local:   http://localhost:5173/
[2026-08-17T01:28:35.540Z] ➜  Network: http://169.254.0.21:5173/
[2026-08-17T01:30:34.187Z] [ELIFECYCLE] Command failed.
[2026-08-17T01:30:34.193Z] Dev server exited with code -1
[2026-08-17T01:30:35.280Z] Starting dev server with command: pnpm run dev
[2026-08-17T01:30:35.547Z] $ vite
[2026-08-17T01:30:35.804Z] VITE v7.3.6  ready in 233 ms
[2026-08-17T01:30:35.804Z] ➜  Local:   http://localhost:5173/
[2026-08-17T01:30:35.804Z] ➜  Network: http://169.254.0.21:5173/
[2026-08-17T01:31:08.545Z] [ELIFECYCLE] Command failed.
[2026-08-17T01:31:08.549Z] Dev server exited with code -1
[2026-08-17T01:31:09.638Z] Starting dev server with command: pnpm run dev
[2026-08-17T01:31:09.896Z] $ vite
[2026-08-17T01:31:10.143Z] VITE v7.3.6  ready in 224 ms
[2026-08-17T01:31:10.143Z] ➜  Local:   http://localhost:5173/
[2026-08-17T01:31:10.143Z] ➜  Network: http://169.254.0.21:5173/
[2026-08-17T01:31:21.118Z] [ELIFECYCLE] Command failed.
[2026-08-17T01:31:21.125Z] Dev server exited with code -1
[2026-08-17T01:31:22.209Z] Starting dev server with command: pnpm run dev
[2026-08-17T01:31:22.497Z] $ vite
[2026-08-17T01:31:22.772Z] VITE v7.3.6  ready in 251 ms
[2026-08-17T01:31:22.772Z] ➜  Local:   http://localhost:5173/
[2026-08-17T01:31:22.772Z] ➜  Network: http://169.254.0.21:5173/
[2026-08-17T01:33:36.509Z] 1:33:36 AM [vite] (client) hmr update /src/styles.css, /src/routes/search.tsx, /src/routes/reset-password.tsx, /src/routes/profile.tsx, /src/routes/profile.$userId.tsx, /src/routes/feed.tsx, /src/routes/index.tsx, /src/routes/orbes.tsx, /src/routes/admin.tsx, /src/routes/plus.tsx, /src/routes/auth.tsx, /src/components/social/ProfilePanel.tsx, /src/components/social/PostComposer.tsx, /src/components/social/PostCard.tsx, /src/components/social/NotificationBell.tsx, /src/components/social/GamesHome.tsx, /src/components/social/NotificationsPanel.tsx, /src/components/social/ChatSection.tsx, /src/components/social/GallerySection.tsx, /src/components/social/EventsSection.tsx, /src/components/social/GlobalSearchPanel.tsx, /src/components/social/WorkChatPanel.tsx, /src/components/engine/AsternalEditor.tsx, /src/components/engine/ProjectManager.tsx, /src/components/social/UserName.tsx, /src/components/social/HistorySection.tsx, /src/components/social/GameCard.tsx, /src/components/engine/PublishGameDialog.tsx, /src/components/social/CommentSection.tsx, /src/components/social/ForumSection.tsx
[2026-08-17T01:34:02.963Z] [ELIFECYCLE] Command failed.
[2026-08-17T01:34:02.968Z] Dev server exited with code -1
[2026-08-17T01:34:04.055Z] Starting dev server with command: pnpm run dev
[2026-08-17T01:34:04.314Z] $ vite
[2026-08-17T01:34:04.618Z] VITE v7.3.6  ready in 279 ms
[2026-08-17T01:34:04.618Z] ➜  Local:   http://localhost:5173/
[2026-08-17T01:34:04.618Z] ➜  Network: http://169.254.0.21:5173/
[2026-08-17T12:50:29.163Z] 12:50:29 PM [vite] (client) hmr update /src/styles.css, /src/routes/auth.tsx
[2026-08-17T12:50:29.252Z] 12:50:29 PM [vite] (client) hmr invalidate /src/routes/auth.tsx Could not Fast Refresh ("Route" export is incompatible). Learn more at https://github.com/vitejs/vite-plugin-react/tree/main/packages/plugin-react#consistent-components-exports
[2026-08-17T12:50:29.252Z] 12:50:29 PM [vite] (client) hmr update /src/main.tsx
[2026-08-17T12:50:29.347Z] 12:50:29 PM [vite] (client) hmr invalidate /src/main.tsx Could not Fast Refresh ("true" export is incompatible). Learn more at https://github.com/vitejs/vite-plugin-react/tree/main/packages/plugin-react#consistent-components-exports
[2026-08-17T12:50:29.347Z] 12:50:29 PM [vite] (client) page reload src/main.tsx
[2026-08-17T12:50:40.186Z] 12:50:40 PM [vite] (client) hmr update /src/styles.css
[2026-08-17T22:03:45.292Z] [ELIFECYCLE] Command failed.
[2026-08-17T22:03:45.299Z] Dev server exited with code -1
[2026-08-17T22:03:46.379Z] Starting dev server with command: pnpm run dev
[2026-08-17T22:03:46.651Z] $ vite
[2026-08-17T22:03:46.921Z] VITE v7.3.6  ready in 244 ms
[2026-08-17T22:03:46.921Z] ➜  Local:   http://localhost:5173/
[2026-08-17T22:03:46.921Z] ➜  Network: http://169.254.0.21:5173/
[2026-08-17T22:07:37.497Z] 10:07:37 PM [vite] (client) hmr update /src/routes/auth.tsx, /src/styles.css
[2026-08-17T22:07:37.499Z] 10:07:37 PM [vite] (client) hmr update /src/styles.css, /src/routes/reset-password.tsx, /src/routes/profile.tsx, /src/routes/search.tsx, /src/routes/admin.tsx, /src/routes/feed.tsx, /src/routes/profile.$userId.tsx, /src/routes/orbes.tsx, /src/routes/plus.tsx, /src/routes/index.tsx, /src/routes/auth.tsx, /src/components/social/ProfilePanel.tsx, /src/components/social/GlobalSearchPanel.tsx, /src/components/social/ChatSection.tsx, /src/components/social/WorkChatPanel.tsx, /src/components/social/PostComposer.tsx, /src/components/social/NotificationBell.tsx, /src/components/social/UserName.tsx, /src/components/social/PostCard.tsx, /src/components/social/GamesHome.tsx, /src/components/social/NotificationsPanel.tsx, /src/components/social/HistorySection.tsx, /src/components/social/GameCard.tsx, /src/components/social/GallerySection.tsx, /src/components/social/EventsSection.tsx, /src/components/engine/AsternalEditor.tsx, /src/components/engine/ProjectManager.tsx, /src/components/social/CommentSection.tsx, /src/components/engine/PublishGameDialog.tsx, /src/components/social/ForumSection.tsx
[2026-08-17T22:07:37.796Z] 10:07:37 PM [vite] (client) hmr invalidate /src/routes/auth.tsx Could not Fast Refresh ("Route" export is incompatible). Learn more at https://github.com/vitejs/vite-plugin-react/tree/main/packages/plugin-react#consistent-components-exports
[2026-08-17T22:07:37.797Z] 10:07:37 PM [vite] (client) hmr update /src/main.tsx
[2026-08-17T22:07:37.965Z] 10:07:37 PM [vite] (client) hmr invalidate /src/routes/reset-password.tsx Could not Fast Refresh ("Route" export is incompatible). Learn more at https://github.com/vitejs/vite-plugin-react/tree/main/packages/plugin-react#consistent-components-exports
[2026-08-17T22:07:37.965Z] 10:07:37 PM [vite] (client) hmr update /src/main.tsx
[2026-08-17T22:07:37.965Z] 10:07:37 PM [vite] (client) hmr invalidate /src/routes/profile.tsx Could not Fast Refresh ("Route" export is incompatible). Learn more at https://github.com/vitejs/vite-plugin-react/tree/main/packages/plugin-react#consistent-components-exports
[2026-08-17T22:07:37.965Z] 10:07:37 PM [vite] (client) hmr update /src/main.tsx
[2026-08-17T22:07:37.966Z] 10:07:37 PM [vite] (client) hmr invalidate /src/routes/search.tsx Could not Fast Refresh ("Route" export is incompatible). Learn more at https://github.com/vitejs/vite-plugin-react/tree/main/packages/plugin-react#consistent-components-exports
[2026-08-17T22:07:37.966Z] 10:07:37 PM [vite] (client) hmr update /src/main.tsx
[2026-08-17T22:07:37.966Z] 10:07:37 PM [vite] (client) hmr invalidate /src/routes/admin.tsx Could not Fast Refresh ("Route" export is incompatible). Learn more at https://github.com/vitejs/vite-plugin-react/tree/main/packages/plugin-react#consistent-components-exports
[2026-08-17T22:07:37.966Z] 10:07:37 PM [vite] (client) hmr update /src/main.tsx
[2026-08-17T22:07:37.966Z] 10:07:37 PM [vite] (client) hmr invalidate /src/routes/feed.tsx Could not Fast Refresh ("Route" export is incompatible). Learn more at https://github.com/vitejs/vite-plugin-react/tree/main/packages/plugin-react#consistent-components-exports
[2026-08-17T22:07:37.966Z] 10:07:37 PM [vite] (client) hmr update /src/main.tsx
[2026-08-17T22:07:37.966Z] 10:07:37 PM [vite] (client) hmr invalidate /src/routes/profile.$userId.tsx Could not Fast Refresh ("Route" export is incompatible). Learn more at https://github.com/vitejs/vite-plugin-react/tree/main/packages/plugin-react#consistent-components-exports
[2026-08-17T22:07:37.966Z] 10:07:37 PM [vite] (client) hmr update /src/main.tsx
[2026-08-17T22:07:37.966Z] 10:07:37 PM [vite] (client) hmr invalidate /src/routes/orbes.tsx Could not Fast Refresh ("Route" export is incompatible). Learn more at https://github.com/vitejs/vite-plugin-react/tree/main/packages/plugin-react#consistent-components-exports
[2026-08-17T22:07:37.966Z] 10:07:37 PM [vite] (client) hmr update /src/main.tsx
[2026-08-17T22:07:37.966Z] 10:07:37 PM [vite] (client) hmr invalidate /src/routes/plus.tsx Could not Fast Refresh ("Route" export is incompatible). Learn more at https://github.com/vitejs/vite-plugin-react/tree/main/packages/plugin-react#consistent-components-exports
[2026-08-17T22:07:37.966Z] 10:07:37 PM [vite] (client) hmr update /src/main.tsx
[2026-08-17T22:07:37.967Z] 10:07:37 PM [vite] (client) hmr invalidate /src/routes/index.tsx Could not Fast Refresh ("Route" export is incompatible). Learn more at https://github.com/vitejs/vite-plugin-react/tree/main/packages/plugin-react#consistent-components-exports
[2026-08-17T22:07:37.967Z] 10:07:37 PM [vite] (client) hmr update /src/main.tsx
[2026-08-17T22:07:38.032Z] 10:07:38 PM [vite] (client) hmr invalidate /src/main.tsx Could not Fast Refresh ("true" export is incompatible). Learn more at https://github.com/vitejs/vite-plugin-react/tree/main/packages/plugin-react#consistent-components-exports
[2026-08-17T22:07:38.032Z] 10:07:38 PM [vite] (client) page reload src/main.tsx
[2026-08-17T22:07:47.105Z] 10:07:47 PM [vite] (client) page reload src/lib/manus-oauth.ts
[2026-08-17T22:07:47.105Z] 10:07:47 PM [vite] (client) hmr update /src/styles.css
[2026-08-17T22:11:02.993Z] [ELIFECYCLE] Command failed.
[2026-08-17T22:11:02.998Z] Dev server exited with code -1
[2026-08-17T22:11:04.085Z] Starting dev server with command: pnpm run dev
[2026-08-17T22:11:04.386Z] $ NODE_ENV=development tsx watch server/_core/index.ts
[2026-08-17T22:11:04.612Z] node:internal/modules/run_main:122
[2026-08-17T22:11:04.612Z] triggerUncaughtException(
[2026-08-17T22:11:04.612Z] ^
[2026-08-17T22:11:04.612Z] Error [ERR_MODULE_NOT_FOUND]: Cannot find package '@shared/const' imported from /home/ubuntu/asternal-engine/server/_core/googleOAuth.ts
[2026-08-17T22:11:04.612Z] at packageResolve (node:internal/modules/esm/resolve:857:9)
[2026-08-17T22:11:04.612Z] at moduleResolve (node:internal/modules/esm/resolve:926:18)
[2026-08-17T22:11:04.612Z] at defaultResolve (node:internal/modules/esm/resolve:1056:11)
[2026-08-17T22:11:04.612Z] at nextResolve (node:internal/modules/esm/hooks:748:28)
[2026-08-17T22:11:04.612Z] at resolveBase (file:///home/ubuntu/asternal-engine/node_modules/.pnpm/tsx@4.23.12/node_modules/tsx/dist/register-C4vWVmug.mjs:2:10334)
[2026-08-17T22:11:04.612Z] at resolveDirectory (file:///home/ubuntu/asternal-engine/node_modules/.pnpm/tsx@4.23.12/node_modules/tsx/dist/register-C4vWVmug.mjs:2:11421)
[2026-08-17T22:11:04.612Z] at resolveTsPaths (file:///home/ubuntu/asternal-engine/node_modules/.pnpm/tsx@4.23.12/node_modules/tsx/dist/register-C4vWVmug.mjs:2:13062)
[2026-08-17T22:11:04.612Z] at async resolve (file:///home/ubuntu/asternal-engine/node_modules/.pnpm/tsx@4.23.12/node_modules/tsx/dist/register-C4vWVmug.mjs:2:14742)
[2026-08-17T22:11:04.612Z] at async nextResolve (node:internal/modules/esm/hooks:748:22)
[2026-08-17T22:11:04.612Z] at async Hooks.resolve (node:internal/modules/esm/hooks:240:24) {
[2026-08-17T22:11:04.612Z] code: 'ERR_MODULE_NOT_FOUND'
[2026-08-17T22:11:04.612Z] }
[2026-08-17T22:11:04.612Z] Node.js v22.13.0
[2026-08-17T22:11:23.074Z] 10:11:23 PM [tsx] change in ./server/_core/googleOAuth.ts Rerunning...
[2026-08-17T22:11:23.235Z] node:internal/modules/run_main:122
[2026-08-17T22:11:23.235Z] triggerUncaughtException(
[2026-08-17T22:11:23.235Z] ^
[2026-08-17T22:11:23.235Z] Error [ERR_MODULE_NOT_FOUND]: Cannot find package '@shared/const' imported from /home/ubuntu/asternal-engine/server/routers.ts
[2026-08-17T22:11:23.235Z] at packageResolve (node:internal/modules/esm/resolve:857:9)
[2026-08-17T22:11:23.235Z] at moduleResolve (node:internal/modules/esm/resolve:926:18)
[2026-08-17T22:11:23.235Z] at defaultResolve (node:internal/modules/esm/resolve:1056:11)
[2026-08-17T22:11:23.235Z] at nextResolve (node:internal/modules/esm/hooks:748:28)
[2026-08-17T22:11:23.235Z] at resolveBase (file:///home/ubuntu/asternal-engine/node_modules/.pnpm/tsx@4.23.12/node_modules/tsx/dist/register-C4vWVmug.mjs:2:10334)
[2026-08-17T22:11:23.235Z] at resolveDirectory (file:///home/ubuntu/asternal-engine/node_modules/.pnpm/tsx@4.23.12/node_modules/tsx/dist/register-C4vWVmug.mjs:2:11421)
[2026-08-17T22:11:23.235Z] at resolveTsPaths (file:///home/ubuntu/asternal-engine/node_modules/.pnpm/tsx@4.23.12/node_modules/tsx/dist/register-C4vWVmug.mjs:2:13062)
[2026-08-17T22:11:23.235Z] at async resolve (file:///home/ubuntu/asternal-engine/node_modules/.pnpm/tsx@4.23.12/node_modules/tsx/dist/register-C4vWVmug.mjs:2:14742)
[2026-08-17T22:11:23.235Z] at async nextResolve (node:internal/modules/esm/hooks:748:22)
[2026-08-17T22:11:23.235Z] at async Hooks.resolve (node:internal/modules/esm/hooks:240:24) {
[2026-08-17T22:11:23.235Z] code: 'ERR_MODULE_NOT_FOUND'
[2026-08-17T22:11:23.235Z] }
[2026-08-17T22:11:23.235Z] Node.js v22.13.0
[2026-08-17T22:11:27.206Z] [ELIFECYCLE] Command failed.
[2026-08-17T22:11:27.210Z] Dev server exited with code -1
[2026-08-17T22:11:28.299Z] Starting dev server with command: pnpm run dev
[2026-08-17T22:11:28.568Z] $ NODE_ENV=development tsx watch server/_core/index.ts
[2026-08-17T22:11:28.765Z] node:internal/modules/run_main:122
[2026-08-17T22:11:28.765Z] triggerUncaughtException(
[2026-08-17T22:11:28.765Z] ^
[2026-08-17T22:11:28.765Z] Error [ERR_MODULE_NOT_FOUND]: Cannot find package '@shared/const' imported from /home/ubuntu/asternal-engine/server/routers.ts
[2026-08-17T22:11:28.765Z] at packageResolve (node:internal/modules/esm/resolve:857:9)
[2026-08-17T22:11:28.765Z] at moduleResolve (node:internal/modules/esm/resolve:926:18)
[2026-08-17T22:11:28.765Z] at defaultResolve (node:internal/modules/esm/resolve:1056:11)
[2026-08-17T22:11:28.765Z] at nextResolve (node:internal/modules/esm/hooks:748:28)
[2026-08-17T22:11:28.765Z] at resolveBase (file:///home/ubuntu/asternal-engine/node_modules/.pnpm/tsx@4.23.12/node_modules/tsx/dist/register-C4vWVmug.mjs:2:10334)
[2026-08-17T22:11:28.765Z] at resolveDirectory (file:///home/ubuntu/asternal-engine/node_modules/.pnpm/tsx@4.23.12/node_modules/tsx/dist/register-C4vWVmug.mjs:2:11421)
[2026-08-17T22:11:28.765Z] at resolveTsPaths (file:///home/ubuntu/asternal-engine/node_modules/.pnpm/tsx@4.23.12/node_modules/tsx/dist/register-C4vWVmug.mjs:2:13062)
[2026-08-17T22:11:28.765Z] at async resolve (file:///home/ubuntu/asternal-engine/node_modules/.pnpm/tsx@4.23.12/node_modules/tsx/dist/register-C4vWVmug.mjs:2:14742)
[2026-08-17T22:11:28.765Z] at async nextResolve (node:internal/modules/esm/hooks:748:22)
[2026-08-17T22:11:28.765Z] at async Hooks.resolve (node:internal/modules/esm/hooks:240:24) {
[2026-08-17T22:11:28.765Z] code: 'ERR_MODULE_NOT_FOUND'
[2026-08-17T22:11:28.765Z] }
[2026-08-17T22:11:28.765Z] Node.js v22.13.0
[2026-08-17T22:12:00.967Z] [ELIFECYCLE] Command failed.
[2026-08-17T22:12:00.971Z] Dev server exited with code -1
[2026-08-17T22:12:02.058Z] Starting dev server with command: pnpm run dev
[2026-08-17T22:12:02.326Z] $ NODE_ENV=development tsx watch server/_core/index.ts
[2026-08-17T22:12:03.077Z] [OAuth] Initialized with baseURL: https://api.manus.im
[2026-08-17T22:12:03.190Z] Server running on http://localhost:3000/
[2026-08-17T22:13:04.576Z] [ELIFECYCLE] Command failed.
[2026-08-17T22:13:04.582Z] Dev server exited with code -1
[2026-08-17T22:13:05.679Z] Starting dev server with command: pnpm run dev
[2026-08-17T22:13:05.948Z] $ NODE_ENV=development tsx watch server/_core/index.ts
[2026-08-17T22:13:06.700Z] [OAuth] Initialized with baseURL: https://api.manus.im
[2026-08-17T22:13:06.798Z] Server running on http://localhost:3000/
[2026-08-17T22:14:31.882Z] [ELIFECYCLE] Command failed.
[2026-08-17T22:14:31.887Z] Dev server exited with code -1
[2026-08-17T22:14:32.974Z] Starting dev server with command: pnpm run dev
[2026-08-17T22:14:33.244Z] $ NODE_ENV=development tsx watch server/_core/index.ts
[2026-08-17T22:14:33.989Z] [OAuth] Initialized with baseURL: https://api.manus.im
[2026-08-17T22:14:34.086Z] Server running on http://localhost:3000/
[2026-08-17T22:15:11.682Z] [ELIFECYCLE] Command failed.
[2026-08-17T22:15:11.717Z] Dev server exited with code -1
[2026-08-17T22:15:12.786Z] Starting dev server with command: pnpm run dev
[2026-08-17T22:15:13.067Z] $ NODE_ENV=development tsx watch server/_core/index.ts
[2026-08-17T22:15:13.778Z] [OAuth] Initialized with baseURL: https://api.manus.im
[2026-08-17T22:15:13.875Z] Server running on http://localhost:3000/
[2026-08-17T22:15:25.405Z] [ELIFECYCLE] Command failed.
[2026-08-17T22:15:25.449Z] Dev server exited with code -1
[2026-08-17T22:15:26.507Z] Starting dev server with command: pnpm run dev
[2026-08-17T22:15:26.782Z] $ NODE_ENV=development tsx watch server/_core/index.ts
[2026-08-17T22:15:27.512Z] [OAuth] Initialized with baseURL: https://api.manus.im
[2026-08-17T22:15:27.610Z] Server running on http://localhost:3000/
[2026-08-17T22:15:55.021Z] [ELIFECYCLE] Command failed.
[2026-08-17T22:15:55.061Z] Dev server exited with code -1
[2026-08-17T22:15:56.126Z] Starting dev server with command: pnpm run dev
[2026-08-17T22:15:56.399Z] $ NODE_ENV=development tsx watch server/_core/index.ts
[2026-08-17T22:15:57.106Z] [OAuth] Initialized with baseURL: https://api.manus.im
[2026-08-17T22:15:57.202Z] Server running on http://localhost:3000/
[2026-08-17T22:17:02.421Z] [ELIFECYCLE] Command failed.
[2026-08-17T22:17:02.425Z] Dev server exited with code -1
[2026-08-17T22:17:03.509Z] Starting dev server with command: pnpm run dev
[2026-08-17T22:17:03.792Z] $ NODE_ENV=development tsx watch server/_core/index.ts
[2026-08-17T22:17:04.590Z] [OAuth] Initialized with baseURL: https://api.manus.im
[2026-08-17T22:17:04.690Z] Server running on http://localhost:3000/
[2026-08-18T03:28:36.016Z] 3:28:36 AM [tsx] change in ./server/_core/index.ts Restarting...
[2026-08-18T03:28:36.440Z] 3:28:36 AM [tsx] change in ./server/_core/env.ts Restarting...
[2026-08-18T03:28:37.212Z] [OAuth] Initialized with baseURL: https://api.manus.im
[2026-08-18T03:28:37.304Z] Server running on http://localhost:3000/
[2026-08-18T03:28:42.748Z] 3:28:42 AM [tsx] unlink in ./server/_core/googleOAuth.ts Restarting...
[2026-08-18T03:28:43.467Z] [OAuth] Initialized with baseURL: https://api.manus.im
[2026-08-18T03:28:43.567Z] Server running on http://localhost:3000/
[2026-08-18T03:29:25.295Z] [ELIFECYCLE] Command failed.
[2026-08-18T03:29:25.299Z] Dev server exited with code -1
[2026-08-18T03:29:26.387Z] Starting dev server with command: pnpm run dev
[2026-08-18T03:29:26.647Z] $ NODE_ENV=development tsx watch server/_core/index.ts
[2026-08-18T03:29:27.354Z] [OAuth] Initialized with baseURL: https://api.manus.im
[2026-08-18T03:29:27.447Z] Server running on http://localhost:3000/
[2026-08-18T03:41:18.353Z] 3:41:18 AM [vite] (client) hmr update /src/styles.css, /src/components/social/NotificationBell.tsx
[2026-08-18T03:41:18.354Z] 3:41:18 AM [vite] (client) hmr update /src/styles.css, /src/components/social/NotificationsPanel.tsx
[2026-08-18T03:41:54.534Z] [ELIFECYCLE] Command failed.
[2026-08-18T03:41:54.574Z] Dev server exited with code -1
[2026-08-18T03:41:55.626Z] Starting dev server with command: pnpm run dev
[2026-08-18T03:41:55.881Z] $ NODE_ENV=development tsx watch server/_core/index.ts
[2026-08-18T03:41:56.558Z] [OAuth] Initialized with baseURL: https://api.manus.im
[2026-08-18T03:41:56.657Z] Server running on http://localhost:3000/
[2026-08-18T03:44:18.511Z] [Auth] Missing session cookie
[2026-08-18T03:44:18.630Z] [Auth] Missing session cookie
[2026-08-18T03:44:18.759Z] [Auth] Missing session cookie
[2026-08-18T03:44:18.861Z] [Auth] Missing session cookie
[2026-08-18T03:44:20.364Z] [Auth] Missing session cookie
[2026-08-18T03:44:20.495Z] [Auth] Missing session cookie
[2026-08-18T03:44:21.882Z] [Auth] Missing session cookie
[2026-08-18T03:44:21.987Z] [Auth] Missing session cookie
[2026-08-18T03:44:22.090Z] [Auth] Missing session cookie
[2026-08-18T03:44:22.231Z] [Auth] Missing session cookie
[2026-08-18T03:45:18.965Z] 3:45:18 AM [vite] (client) hmr update /src/styles.css, /src/routes/search.tsx
[2026-08-18T03:45:18.976Z] 3:45:18 AM [vite] (client) hmr update /src/styles.css, /src/components/social/GlobalSearchPanel.tsx
[2026-08-18T03:46:45.668Z] 3:46:45 AM [vite] (client) hmr update /src/styles.css, /src/components/social/GlobalSearchPanel.tsx
[2026-08-18T03:59:09.498Z] 3:59:09 AM [vite] (client) hmr update /src/styles.css, /src/components/social/ProfilePanel.tsx
[2026-08-18T03:59:09.503Z] 3:59:09 AM [vite] (client) hmr update /src/styles.css, /src/routes/index.tsx
[2026-08-18T04:01:15.498Z] [Auth] Missing session cookie
[2026-08-18T04:01:15.645Z] [Auth] Missing session cookie
[2026-08-18T04:01:15.761Z] [Auth] Missing session cookie
[2026-08-18T04:01:15.909Z] [Auth] Missing session cookie
[2026-08-18T04:01:18.093Z] [Auth] Missing session cookie
[2026-08-18T04:01:18.229Z] [Auth] Missing session cookie
[2026-08-18T04:01:18.337Z] [Auth] Missing session cookie
[2026-08-18T04:01:20.081Z] [Auth] Missing session cookie
[2026-08-18T04:01:20.194Z] [Auth] Missing session cookie
[2026-08-18T04:01:20.297Z] [Auth] Missing session cookie
[2026-08-18T04:01:20.404Z] [Auth] Missing session cookie
[2026-08-18T04:01:55.433Z] [Auth] Missing session cookie
[2026-08-18T04:01:55.517Z] [Auth] Missing session cookie
[2026-08-18T04:01:55.544Z] [Auth] Missing session cookie
[2026-08-18T04:01:55.689Z] [Auth] Missing session cookie
[2026-08-18T04:03:00.238Z] [Auth] Missing session cookie
[2026-08-18T04:03:00.366Z] [Auth] Missing session cookie
[2026-08-18T04:03:00.369Z] [Auth] Missing session cookie
[2026-08-18T04:03:00.429Z] [Auth] Missing session cookie
[2026-08-18T04:03:00.495Z] [Auth] Missing session cookie
[2026-08-18T04:03:00.607Z] [Auth] Missing session cookie
[2026-08-18T04:05:04.921Z] 4:05:04 AM [vite] (client) hmr update /src/styles.css, /src/routes/index.tsx
[2026-08-18T04:10:26.303Z] 4:10:26 AM [vite] (client) hmr update /src/styles.css, /src/components/social/NotificationsPanel.tsx
[2026-08-18T04:10:26.318Z] 4:10:26 AM [vite] (client) hmr update /src/styles.css, /src/routes/index.tsx
[2026-08-18T04:12:29.454Z] [Auth] Missing session cookie
[2026-08-18T04:12:29.610Z] [Auth] Missing session cookie
[2026-08-18T04:12:29.702Z] [Auth] Missing session cookie
[2026-08-18T04:12:29.846Z] [Auth] Missing session cookie
[2026-08-18T04:12:29.847Z] [Auth] Missing session cookie
[2026-08-18T04:12:29.983Z] [Auth] Missing session cookie
[2026-08-18T04:12:32.284Z] [Auth] Missing session cookie
[2026-08-18T04:12:34.239Z] [Auth] Missing session cookie
[2026-08-18T04:12:34.330Z] [Auth] Missing session cookie
[2026-08-18T04:12:34.443Z] [Auth] Missing session cookie
[2026-08-18T04:12:34.448Z] [Auth] Missing session cookie
[2026-08-18T04:12:34.470Z] [Auth] Missing session cookie
[2026-08-18T04:12:34.587Z] [Auth] Missing session cookie
[2026-08-18T04:12:35.020Z] [Auth] Missing session cookie
[2026-08-18T04:12:35.028Z] [Auth] Missing session cookie
[2026-08-18T04:12:50.887Z] [Auth] Missing session cookie
[2026-08-18T04:12:50.888Z] [Auth] Missing session cookie
[2026-08-18T04:12:51.089Z] [Auth] Missing session cookie
[2026-08-18T04:12:51.192Z] [Auth] Missing session cookie
[2026-08-18T04:13:02.558Z] [Auth] Missing session cookie
[2026-08-18T04:13:03.022Z] [Auth] Missing session cookie
[2026-08-18T04:13:03.088Z] [Auth] Missing session cookie
[2026-08-18T04:13:03.200Z] [Auth] Missing session cookie
[2026-08-18T04:13:38.155Z] [Auth] Missing session cookie
[2026-08-18T04:13:38.157Z] [Auth] Missing session cookie
[2026-08-18T04:13:38.159Z] [Auth] Missing session cookie
[2026-08-18T04:13:38.286Z] [Auth] Missing session cookie
[2026-08-18T04:13:38.297Z] [Auth] Missing session cookie
[2026-08-18T04:13:38.388Z] [Auth] Missing session cookie
[2026-08-18T04:13:38.411Z] [Auth] Missing session cookie
[2026-08-18T04:13:38.558Z] [Auth] Missing session cookie
[2026-08-18T04:13:38.689Z] [Auth] Missing session cookie
[2026-08-18T04:13:38.813Z] [Auth] Missing session cookie
[2026-08-18T04:13:41.158Z] [Auth] Missing session cookie
[2026-08-18T04:13:41.622Z] [Auth] Missing session cookie
[2026-08-18T04:13:41.858Z] [Auth] Missing session cookie
[2026-08-18T04:13:41.858Z] [Auth] Missing session cookie
[2026-08-18T04:13:41.872Z] [Auth] Missing session cookie
[2026-08-18T04:13:41.991Z] [Auth] Missing session cookie
[2026-08-18T04:13:42.003Z] [Auth] Missing session cookie
[2026-08-18T04:13:42.098Z] [Auth] Missing session cookie
[2026-08-18T04:13:42.126Z] [Auth] Missing session cookie
[2026-08-18T04:13:42.253Z] [Auth] Missing session cookie
[2026-08-18T04:22:02.520Z] 4:22:02 AM [vite] (client) hmr update /src/styles.css, /src/components/ai/OrionPanel.tsx
[2026-08-18T04:23:53.947Z] 4:23:53 AM [vite] (client) hmr update /src/styles.css, /src/routes/index.tsx
[2026-08-18T04:24:48.786Z] 4:24:48 AM [vite] (client) hmr update /src/styles.css, /src/components/ai/OrionPanel.tsx
[2026-08-18T04:25:12.517Z] 4:25:12 AM [vite] (client) hmr update /src/styles.css, /src/components/ai/OrionPanel.tsx
[2026-08-18T04:27:41.032Z] 4:27:41 AM [vite] (client) hmr update /src/styles.css, /src/components/ai/OrionPanel.tsx
[2026-08-18T04:28:53.074Z] 4:28:53 AM [vite] (client) hmr update /src/styles.css, /src/components/ai/OrionPanel.tsx
[2026-08-18T04:29:24.924Z] 4:29:24 AM [vite] (client) hmr update /src/styles.css, /src/routes/index.tsx
[2026-08-18T04:29:24.942Z] 4:29:24 AM [vite] (client) hmr update /src/styles.css, /src/components/ai/OrionPanel.tsx
[2026-08-18T04:30:21.955Z] [ELIFECYCLE] Command failed.
[2026-08-18T04:30:21.960Z] Dev server exited with code -1
[2026-08-18T04:30:23.046Z] Starting dev server with command: pnpm run dev
[2026-08-18T04:30:23.311Z] $ NODE_ENV=development tsx watch server/_core/index.ts
[2026-08-18T04:30:24.109Z] [OAuth] Initialized with baseURL: https://api.manus.im
[2026-08-18T04:30:24.213Z] Server running on http://localhost:3000/
[2026-08-18T04:32:50.807Z] [Auth] Missing session cookie
[2026-08-18T04:32:50.969Z] [Auth] Missing session cookie
[2026-08-18T04:32:50.972Z] [Auth] Missing session cookie
[2026-08-18T04:32:51.047Z] [Auth] Missing session cookie
[2026-08-18T04:32:51.108Z] [Auth] Missing session cookie
[2026-08-18T04:32:51.203Z] [Auth] Missing session cookie
[2026-08-18T04:32:51.248Z] [Auth] Missing session cookie
[2026-08-18T04:32:51.350Z] [Auth] Missing session cookie
[2026-08-18T04:32:53.180Z] [Auth] Missing session cookie
[2026-08-18T04:32:53.309Z] [Auth] Missing session cookie
[2026-08-18T04:32:53.310Z] [Auth] Missing session cookie
[2026-08-18T04:32:53.360Z] [Auth] Missing session cookie
[2026-08-18T04:32:53.436Z] [Auth] Missing session cookie
[2026-08-18T04:32:54.928Z] [Auth] Missing session cookie
[2026-08-18T04:32:54.986Z] [Auth] Missing session cookie
[2026-08-18T04:32:54.991Z] [Auth] Missing session cookie
[2026-08-18T04:32:55.072Z] [Auth] Missing session cookie
[2026-08-18T04:32:55.104Z] [Auth] Missing session cookie
[2026-08-18T04:32:55.197Z] [Auth] Missing session cookie
[2026-08-18T04:32:55.225Z] [Auth] Missing session cookie
[2026-08-18T04:32:55.312Z] [Auth] Missing session cookie
[2026-08-18T04:32:55.444Z] [Auth] Missing session cookie
[2026-08-18T04:32:55.564Z] [Auth] Missing session cookie
[2026-08-18T04:32:55.688Z] [Auth] Missing session cookie
[2026-08-18T04:32:55.836Z] [Auth] Missing session cookie
[2026-08-18T04:32:55.970Z] [Auth] Missing session cookie
[2026-08-18T04:32:56.110Z] [Auth] Missing session cookie
[2026-08-18T04:32:56.244Z] [Auth] Missing session cookie
[2026-08-18T04:32:56.433Z] [Auth] Missing session cookie
[2026-08-18T04:32:56.584Z] [Auth] Missing session cookie
[2026-08-18T04:32:56.727Z] [Auth] Missing session cookie
[2026-08-18T04:32:56.872Z] [Auth] Missing session cookie
[2026-08-18T04:32:56.998Z] [Auth] Missing session cookie
[2026-08-18T04:45:38.201Z] 4:45:38 AM [vite] (client) hmr update /src/routes/auth.tsx, /src/styles.css
[2026-08-18T04:45:38.277Z] 4:45:38 AM [vite] (client) hmr update /src/styles.css, /src/components/social/HistorySection.tsx
[2026-08-18T04:46:54.371Z] 4:46:54 AM [vite] (client) hmr update /src/styles.css, /src/components/social/HistorySection.tsx
[2026-08-18T18:21:59.083Z] Starting dev server with command: pnpm run dev
[2026-08-18T18:21:59.366Z] $ NODE_ENV=development tsx watch server/_core/index.ts
[2026-08-18T18:22:00.157Z] [OAuth] Initialized with baseURL: https://api.manus.im
[2026-08-18T18:22:00.260Z] Server running on http://localhost:3000/
[2026-08-22T04:41:19.952Z] 4:41:19 AM [vite] (client) hmr update /src/styles.css, /src/routes/profile.tsx, /src/routes/reset-password.tsx, /src/routes/profile.$userId.tsx, /src/routes/orbes.tsx, /src/routes/search.tsx, /src/routes/index.tsx, /src/routes/plus.tsx, /src/routes/feed.tsx, /src/routes/admin.tsx, /src/routes/auth.tsx, /src/components/social/ProfilePanel.tsx, /src/components/social/PostComposer.tsx, /src/components/social/PostCard.tsx, /src/components/social/GamesHome.tsx, /src/components/social/NotificationsPanel.tsx, /src/components/social/NotificationBell.tsx, /src/components/social/UserName.tsx, /src/components/social/EventsSection.tsx, /src/components/social/GlobalSearchPanel.tsx, /src/components/social/ChatSection.tsx, /src/components/social/WorkChatPanel.tsx, /src/components/engine/AsternalEditor.tsx, /src/components/engine/ProjectManager.tsx, /src/components/social/GallerySection.tsx, /src/components/social/HistorySection.tsx, /src/components/social/GameCard.tsx, /src/components/social/CommentSection.tsx, /src/components/engine/PublishGameDialog.tsx, /src/components/social/ForumSection.tsx
[2026-08-22T04:41:20.440Z] 4:41:20 AM [vite] (client) hmr update /src/styles.css, /src/routes/profile.tsx, /src/routes/profile.$userId.tsx, /src/routes/orbes.tsx, /src/routes/index.tsx, /src/routes/plus.tsx, /src/routes/feed.tsx, /src/routes/admin.tsx, /src/components/social/ProfilePanel.tsx, /src/components/social/PostComposer.tsx, /src/components/social/PostCard.tsx, /src/components/social/GamesHome.tsx, /src/components/social/NotificationsPanel.tsx, /src/components/social/NotificationBell.tsx, /src/components/social/UserName.tsx, /src/components/social/EventsSection.tsx, /src/components/social/GlobalSearchPanel.tsx, /src/components/social/ChatSection.tsx, /src/components/social/WorkChatPanel.tsx, /src/components/engine/AsternalEditor.tsx, /src/components/engine/ProjectManager.tsx, /src/components/social/GallerySection.tsx, /src/components/social/HistorySection.tsx, /src/components/social/GameCard.tsx, /src/components/social/CommentSection.tsx, /src/components/engine/PublishGameDialog.tsx
[2026-08-22T04:41:20.606Z] 4:41:20 AM [vite] (client) hmr update /src/styles.css, /src/components/social/GamesHome.tsx
[2026-08-22T04:48:37.245Z] 4:48:37 AM [vite] changed tsconfig file detected: /home/ubuntu/asternal-engine/tsconfig.json - Clearing cache and forcing full-reload to ensure TypeScript is compiled with updated config values.
[2026-08-22T04:48:37.246Z] 4:48:37 AM [vite] (client) hmr update /vly-toolbar-readonly.tsx
[2026-08-22T04:48:37.247Z] 4:48:37 AM [vite] (client) hmr update /src/main.tsx?v=-u4fVTqz1oHOf_-peP0Ja, /src/main.tsx?v=FI4grkdW43D5HOB16LfEz, /src/main.tsx?v=0NSZVRkA2nUFuEbHpzy-s, /src/main.tsx?v=lKo3bgtljRpigVMFqDP4X, /src/main.tsx?v=qj6JbrV71bXMkVijwb-Zy, /src/main.tsx?v=gJ5ExK9ev-IsMWDChxzKm, /src/main.tsx?v=0APoFh5Ho8lMzc-0mz6KF, /src/main.tsx?v=tkGdEUwN_DYBdV0-Lma9a, /src/main.tsx?v=e8sjUOYIKDtMMVPkFswW4, /src/main.tsx?v=k7zCXYMg66C7pZ7_ejn-_, /src/main.tsx?v=ZFYVvuEgWlR39mLGAMAuT, /src/main.tsx?v=3XqUv02h3weWm7fwWhM1V, /src/main.tsx?v=YXQm_-swae--4_Qyt7UyX, /src/styles.css
[2026-08-22T04:48:37.248Z] 4:48:37 AM [vite] (client) hmr update /src/main.tsx?v=-u4fVTqz1oHOf_-peP0Ja, /src/main.tsx?v=FI4grkdW43D5HOB16LfEz, /src/main.tsx?v=0NSZVRkA2nUFuEbHpzy-s, /src/main.tsx?v=lKo3bgtljRpigVMFqDP4X, /src/main.tsx?v=qj6JbrV71bXMkVijwb-Zy, /src/main.tsx?v=gJ5ExK9ev-IsMWDChxzKm, /src/main.tsx?v=0APoFh5Ho8lMzc-0mz6KF, /src/main.tsx?v=tkGdEUwN_DYBdV0-Lma9a, /src/main.tsx?v=e8sjUOYIKDtMMVPkFswW4, /src/main.tsx?v=k7zCXYMg66C7pZ7_ejn-_, /src/main.tsx?v=ZFYVvuEgWlR39mLGAMAuT, /src/main.tsx?v=3XqUv02h3weWm7fwWhM1V, /src/main.tsx?v=YXQm_-swae--4_Qyt7UyX, /src/styles.css
[2026-08-22T04:48:37.248Z] 4:48:37 AM [vite] (client) hmr update /src/styles.css
[2026-08-22T04:48:37.248Z] 4:48:37 AM [vite] (client) hmr update /src/styles.css
[2026-08-22T04:48:37.253Z] 4:48:37 AM [vite] (client) page reload isolate/index.html
[2026-08-22T04:48:37.255Z] 4:48:37 AM [vite] (client) hmr update /src/styles.css, /src/components/ai/OrionPanel.tsx
[2026-08-22T04:48:37.255Z] 4:48:37 AM [vite] (client) hmr update /src/styles.css
[2026-08-22T04:48:37.255Z] 4:48:37 AM [vite] (client) hmr update /src/styles.css, /src/components/engine/AnimationEditor.tsx
[2026-08-22T04:48:37.255Z] 4:48:37 AM [vite] (client) hmr update /src/styles.css, /src/components/engine/AsternalEditor.tsx
[2026-08-22T04:48:37.256Z] 4:48:37 AM [vite] (client) hmr update /src/styles.css, /src/components/engine/GameRuntime.tsx
[2026-08-22T04:48:37.256Z] 4:48:37 AM [vite] (client) hmr update /src/styles.css, /src/components/engine/PaintEditor.tsx
[2026-08-22T04:48:37.256Z] 4:48:37 AM [vite] (client) hmr update /src/styles.css, /src/components/engine/ProjectManager.tsx
[2026-08-22T04:48:37.256Z] 4:48:37 AM [vite] (client) hmr update /src/styles.css, /src/components/engine/PublishGameDialog.tsx
[2026-08-22T04:48:37.257Z] 4:48:37 AM [vite] (client) hmr update /src/styles.css, /src/components/engine/SceneEditor.tsx
[2026-08-22T04:48:37.257Z] 4:48:37 AM [vite] (client) hmr update /src/styles.css, /src/components/engine/ScriptEditor.tsx
[2026-08-22T04:48:37.257Z] 4:48:37 AM [vite] (client) hmr update /src/styles.css, /src/components/engine/UIEditor.tsx
[2026-08-22T04:48:37.257Z] 4:48:37 AM [vite] (client) hmr update /src/styles.css, /src/components/social/Avatar.tsx
[2026-08-22T04:48:37.257Z] 4:48:37 AM [vite] (client) hmr update /src/styles.css, /src/components/social/CardMenu.tsx
[2026-08-22T04:48:37.257Z] 4:48:37 AM [vite] (client) hmr update /src/styles.css, /src/components/social/ChatSection.tsx
[2026-08-22T04:48:37.258Z] 4:48:37 AM [vite] (client) hmr update /src/styles.css, /src/components/social/CommentSection.tsx
[2026-08-22T04:48:37.258Z] 4:48:37 AM [vite] (client) hmr update /src/styles.css, /src/components/social/EventsSection.tsx
[2026-08-22T04:48:37.258Z] 4:48:37 AM [vite] (client) hmr update /src/styles.css, /src/components/social/ForumSection.tsx
[2026-08-22T04:48:37.258Z] 4:48:37 AM [vite] (client) hmr update /src/styles.css, /src/components/social/GalleryCanvasPanel.tsx
[2026-08-22T04:48:37.258Z] 4:48:37 AM [vite] (client) hmr update /src/styles.css, /src/components/social/GallerySection.tsx
[2026-08-22T04:48:37.259Z] 4:48:37 AM [vite] (client) hmr update /src/styles.css, /src/components/social/GameCard.tsx
[2026-08-22T04:48:37.259Z] 4:48:37 AM [vite] (client) hmr update /src/styles.css, /src/components/social/GameIcon.tsx
[2026-08-22T04:48:37.259Z] 4:48:37 AM [vite] (client) hmr update /src/styles.css, /src/components/social/GamePageSection.tsx
[2026-08-22T04:48:37.259Z] 4:48:37 AM [vite] (client) hmr update /src/styles.css, /src/components/social/GamesHome.tsx
[2026-08-22T04:48:37.259Z] 4:48:37 AM [vite] (client) hmr update /src/styles.css, /src/components/social/GlobalSearchPanel.tsx
[2026-08-22T04:48:37.259Z] 4:48:37 AM [vite] (client) hmr update /src/styles.css, /src/components/social/HistorySection.tsx
[2026-08-22T04:48:37.260Z] 4:48:37 AM [vite] (client) hmr update /src/styles.css, /src/components/social/NotificationBell.tsx
[2026-08-22T04:48:37.260Z] 4:48:37 AM [vite] (client) hmr update /src/styles.css, /src/components/social/NotificationsPanel.tsx
[2026-08-22T04:48:37.260Z] 4:48:37 AM [vite] (client) hmr update /src/styles.css, /src/components/social/PostCard.tsx
[2026-08-22T04:48:37.260Z] 4:48:37 AM [vite] (client) hmr update /src/styles.css, /src/components/social/PostComposer.tsx
[2026-08-22T04:48:37.260Z] 4:48:37 AM [vite] (client) hmr update /src/styles.css, /src/components/social/ProfilePanel.tsx
[2026-08-22T04:48:37.261Z] 4:48:37 AM [vite] (client) hmr update /src/styles.css, /src/components/social/SubPageHeader.tsx
[2026-08-22T04:48:37.261Z] 4:48:37 AM [vite] (client) hmr update /src/styles.css
[2026-08-22T04:48:37.261Z] 4:48:37 AM [vite] (client) hmr update /src/styles.css, /src/components/social/UserName.tsx
[2026-08-22T04:48:37.262Z] 4:48:37 AM [vite] (client) hmr update /src/styles.css, /src/components/social/WorkChatPanel.tsx
[2026-08-22T04:48:37.262Z] 4:48:37 AM [vite] (client) hmr update /src/styles.css
[2026-08-22T04:48:37.262Z] 4:48:37 AM [vite] (client) hmr update /src/styles.css
[2026-08-22T04:48:37.262Z] 4:48:37 AM [vite] (client) hmr update /src/styles.css
[2026-08-22T04:48:37.262Z] 4:48:37 AM [vite] (client) hmr update /src/styles.css
[2026-08-22T04:48:37.262Z] 4:48:37 AM [vite] (client) hmr update /src/styles.css
[2026-08-22T04:48:37.263Z] 4:48:37 AM [vite] (client) hmr update /src/styles.css
[2026-08-22T04:48:37.263Z] 4:48:37 AM [vite] (client) hmr update /src/styles.css
[2026-08-22T04:48:37.263Z] 4:48:37 AM [vite] (client) hmr update /src/styles.css
[2026-08-22T04:48:37.263Z] 4:48:37 AM [vite] (client) hmr update /src/styles.css
[2026-08-22T04:48:37.263Z] 4:48:37 AM [vite] (client) hmr update /src/styles.css
[2026-08-22T04:48:37.264Z] 4:48:37 AM [vite] (client) hmr update /src/styles.css
[2026-08-22T04:48:37.264Z] 4:48:37 AM [vite] (client) hmr update /src/styles.css
[2026-08-22T04:48:37.264Z] 4:48:37 AM [vite] (client) hmr update /src/styles.css
[2026-08-22T04:48:37.264Z] 4:48:37 AM [vite] (client) hmr update /src/styles.css
[2026-08-22T04:48:37.264Z] 4:48:37 AM [vite] (client) hmr update /src/styles.css
[2026-08-22T04:48:37.265Z] 4:48:37 AM [vite] (client) hmr update /src/styles.css
[2026-08-22T04:48:37.265Z] 4:48:37 AM [vite] (client) hmr update /src/styles.css
[2026-08-22T04:48:37.265Z] 4:48:37 AM [vite] (client) hmr update /src/styles.css, /src/components/ui/dialog.tsx
[2026-08-22T04:48:37.265Z] 4:48:37 AM [vite] (client) hmr update /src/styles.css
[2026-08-22T04:48:37.265Z] 4:48:37 AM [vite] (client) hmr update /src/styles.css
[2026-08-22T04:48:37.265Z] 4:48:37 AM [vite] (client) hmr update /src/styles.css
[2026-08-22T04:48:37.265Z] 4:48:37 AM [vite] (client) hmr update /src/styles.css
[2026-08-22T04:48:37.265Z] 4:48:37 AM [vite] (client) hmr update /src/styles.css
[2026-08-22T04:48:37.266Z] 4:48:37 AM [vite] (client) hmr update /src/styles.css
[2026-08-22T04:48:37.266Z] 4:48:37 AM [vite] (client) hmr update /src/styles.css
[2026-08-22T04:48:37.266Z] 4:48:37 AM [vite] (client) hmr update /src/styles.css
[2026-08-22T04:48:37.266Z] 4:48:37 AM [vite] (client) hmr update /src/styles.css
[2026-08-22T04:48:37.266Z] 4:48:37 AM [vite] (client) hmr update /src/styles.css
[2026-08-22T04:48:37.266Z] 4:48:37 AM [vite] (client) hmr update /src/styles.css
[2026-08-22T04:48:37.266Z] 4:48:37 AM [vite] (client) hmr update /src/styles.css
[2026-08-22T04:48:37.266Z] 4:48:37 AM [vite] (client) hmr update /src/styles.css
[2026-08-22T04:48:37.267Z] 4:48:37 AM [vite] (client) hmr update /src/styles.css
[2026-08-22T04:48:37.267Z] 4:48:37 AM [vite] (client) hmr update /src/styles.css
[2026-08-22T04:48:37.267Z] 4:48:37 AM [vite] (client) hmr update /src/styles.css
[2026-08-22T04:48:37.267Z] 4:48:37 AM [vite] (client) hmr update /src/styles.css
[2026-08-22T04:48:37.267Z] 4:48:37 AM [vite] (client) hmr update /src/styles.css
[2026-08-22T04:48:37.267Z] 4:48:37 AM [vite] (client) hmr update /src/styles.css
[2026-08-22T04:48:37.267Z] 4:48:37 AM [vite] (client) hmr update /src/styles.css
[2026-08-22T04:48:37.268Z] 4:48:37 AM [vite] (client) hmr update /src/styles.css
[2026-08-22T04:48:37.268Z] 4:48:37 AM [vite] (client) hmr update /src/styles.css, /src/components/ui/segmented.tsx
[2026-08-22T04:48:37.268Z] 4:48:37 AM [vite] (client) hmr update /src/styles.css
[2026-08-22T04:48:37.268Z] 4:48:37 AM [vite] (client) hmr update /src/styles.css
[2026-08-22T04:48:37.268Z] 4:48:37 AM [vite] (client) hmr update /src/styles.css
[2026-08-22T04:48:37.268Z] 4:48:37 AM [vite] (client) hmr update /src/styles.css
[2026-08-22T04:48:37.268Z] 4:48:37 AM [vite] (client) hmr update /src/styles.css
[2026-08-22T04:48:37.268Z] 4:48:37 AM [vite] (client) hmr update /src/styles.css
[2026-08-22T04:48:37.269Z] 4:48:37 AM [vite] (client) hmr update /src/components/ui/sonner.tsx, /src/styles.css
[2026-08-22T04:48:37.269Z] 4:48:37 AM [vite] (client) hmr update /src/styles.css
[2026-08-22T04:48:37.269Z] 4:48:37 AM [vite] (client) hmr update /src/styles.css
[2026-08-22T04:48:37.269Z] 4:48:37 AM [vite] (client) hmr update /src/styles.css
[2026-08-22T04:48:37.269Z] 4:48:37 AM [vite] (client) hmr update /src/styles.css
[2026-08-22T04:48:37.269Z] 4:48:37 AM [vite] (client) hmr update /src/styles.css
[2026-08-22T04:48:37.269Z] 4:48:37 AM [vite] (client) hmr update /src/styles.css
[2026-08-22T04:48:37.270Z] 4:48:37 AM [vite] (client) hmr update /src/styles.css
[2026-08-22T04:48:37.270Z] 4:48:37 AM [vite] (client) hmr update /src/styles.css
[2026-08-22T04:48:37.270Z] 4:48:37 AM [vite] (client) hmr update /src/styles.css
[2026-08-22T04:48:37.270Z] 4:48:37 AM [vite] (client) hmr update /src/styles.css, /src/components/engine/AsternalEditor.tsx
[2026-08-22T04:48:37.270Z] 4:48:37 AM [vite] (client) hmr update /src/styles.css
[2026-08-22T04:48:37.270Z] 4:48:37 AM [vite] (client) hmr update /src/styles.css
[2026-08-22T04:48:37.271Z] 4:48:37 AM [vite] (client) hmr update /src/styles.css
[2026-08-22T04:48:37.271Z] 4:48:37 AM [vite] (client) hmr update /src/styles.css
[2026-08-22T04:48:37.271Z] 4:48:37 AM [vite] (client) hmr update /src/styles.css, /src/routes/profile.tsx, /src/routes/reset-password.tsx, /src/routes/profile.$userId.tsx, /src/routes/orbes.tsx, /src/routes/search.tsx, /src/routes/index.tsx, /src/routes/plus.tsx, /src/routes/feed.tsx, /src/routes/admin.tsx, /src/routes/auth.tsx, /src/components/social/ProfilePanel.tsx, /src/components/social/PostComposer.tsx, /src/components/social/PostCard.tsx, /src/components/social/GamesHome.tsx, /src/components/social/NotificationsPanel.tsx, /src/components/social/NotificationBell.tsx, /src/components/social/UserName.tsx, /src/components/social/EventsSection.tsx, /src/components/social/GlobalSearchPanel.tsx, /src/components/social/ChatSection.tsx, /src/components/social/WorkChatPanel.tsx, /src/components/engine/AsternalEditor.tsx, /src/components/engine/ProjectManager.tsx, /src/components/social/GallerySection.tsx, /src/components/social/HistorySection.tsx, /src/components/social/GameCard.tsx, /src/components/social/CommentSection.tsx, /src/components/engine/PublishGameDialog.tsx, /src/components/social/GamePageSection.tsx, /src/components/social/ForumSection.tsx
[2026-08-22T04:48:37.271Z] 4:48:37 AM [vite] (client) hmr update /src/styles.css
[2026-08-22T04:48:37.271Z] 4:48:37 AM [vite] (client) hmr update /src/styles.css, /src/components/ai/OrionPanel.tsx
[2026-08-22T04:48:37.272Z] 4:48:37 AM [vite] (client) hmr update /src/styles.css, /src/components/ai/OrionPanel.tsx
[2026-08-22T04:48:37.272Z] 4:48:37 AM [vite] (client) hmr update /src/styles.css, /src/components/ai/OrionPanel.tsx
[2026-08-22T04:48:37.272Z] 4:48:37 AM [vite] (client) hmr update /src/styles.css
[2026-08-22T04:48:37.272Z] 4:48:37 AM [vite] (client) hmr update /src/styles.css
[2026-08-22T04:48:37.272Z] 4:48:37 AM [vite] (client) hmr update /src/styles.css
[2026-08-22T04:48:37.272Z] 4:48:37 AM [vite] (client) hmr update /src/styles.css, /src/components/engine/AsternalEditor.tsx
[2026-08-22T04:48:37.273Z] 4:48:37 AM [vite] (client) hmr update /src/styles.css, /src/routes/__root.tsx
[2026-08-22T04:48:37.273Z] 4:48:37 AM [vite] (client) hmr update /src/styles.css
[2026-08-22T04:48:37.273Z] 4:48:37 AM [vite] (client) hmr update /src/styles.css, /src/components/ui/dialog.tsx
[2026-08-22T04:48:37.273Z] 4:48:37 AM [vite] (client) hmr update /src/styles.css
[2026-08-22T04:48:37.273Z] 4:48:37 AM [vite] (client) hmr update /src/styles.css, /src/components/engine/GameRuntime.tsx, /src/components/engine/SceneEditor.tsx, /src/components/engine/AnimationEditor.tsx
[2026-08-22T04:48:37.274Z] 4:48:37 AM [vite] (client) hmr update /src/styles.css, /src/routes/index.tsx, /src/components/engine/AsternalEditor.tsx, /src/components/engine/ProjectManager.tsx
[2026-08-22T04:48:37.274Z] 4:48:37 AM [vite] (client) hmr update /src/styles.css, /src/components/engine/PaintEditor.tsx, /src/components/engine/AsternalEditor.tsx, /src/components/social/GlobalSearchPanel.tsx, /src/routes/index.tsx, /src/components/engine/ProjectManager.tsx, /src/components/social/GameCard.tsx, /src/components/social/GalleryCanvasPanel.tsx, /src/components/engine/GameRuntime.tsx, /src/components/engine/SceneEditor.tsx, /src/components/engine/AnimationEditor.tsx, /src/components/engine/UIEditor.tsx, /src/components/engine/TransformInspector.tsx, /src/components/engine/ScriptEditor.tsx
[2026-08-22T04:48:37.274Z] 4:48:37 AM [vite] (client) hmr update /src/styles.css, /src/components/social/ForumSection.tsx, /src/components/engine/AsternalEditor.tsx, /src/components/engine/GameRuntime.tsx, /src/components/engine/SceneEditor.tsx, /src/components/engine/AnimationEditor.tsx, /src/components/engine/UIEditor.tsx
[2026-08-22T04:48:37.275Z] 4:48:37 AM [vite] (client) hmr update /src/styles.css, /src/components/engine/GameRuntime.tsx, /src/components/engine/ScriptEditor.tsx
[2026-08-22T04:48:37.275Z] 4:48:37 AM [vite] (client) hmr update /src/styles.css, /src/components/engine/GameRuntime.tsx, /src/components/engine/ScriptEditor.tsx
[2026-08-22T04:48:37.275Z] 4:48:37 AM [vite] (client) hmr update /src/styles.css, /src/components/social/GlobalSearchPanel.tsx, /src/routes/index.tsx, /src/components/engine/AsternalEditor.tsx, /src/components/engine/ProjectManager.tsx, /src/components/social/GameCard.tsx
[2026-08-22T04:48:37.275Z] 4:48:37 AM [vite] (client) hmr update /src/styles.css
[2026-08-22T04:48:37.276Z] 4:48:37 AM [vite] (client) hmr update /src/styles.css, /src/routes/profile.tsx, /src/routes/profile.$userId.tsx, /src/routes/orbes.tsx, /src/routes/index.tsx, /src/routes/plus.tsx, /src/routes/feed.tsx, /src/routes/admin.tsx, /src/components/social/ProfilePanel.tsx, /src/components/social/PostComposer.tsx, /src/components/social/PostCard.tsx, /src/components/social/GamesHome.tsx, /src/components/social/NotificationsPanel.tsx, /src/components/social/NotificationBell.tsx, /src/components/social/UserName.tsx, /src/components/social/EventsSection.tsx, /src/components/social/GlobalSearchPanel.tsx, /src/components/social/ChatSection.tsx, /src/components/social/WorkChatPanel.tsx, /src/components/engine/AsternalEditor.tsx, /src/components/engine/ProjectManager.tsx, /src/components/social/GallerySection.tsx, /src/components/social/HistorySection.tsx, /src/components/social/GameCard.tsx, /src/components/social/CommentSection.tsx, /src/components/engine/PublishGameDialog.tsx, /src/components/social/GamePageSection.tsx
[2026-08-22T04:48:37.276Z] 4:48:37 AM [vite] (client) hmr update /src/styles.css, /src/components/social/ProfilePanel.tsx
[2026-08-22T04:48:37.276Z] 4:48:37 AM [vite] (client) hmr update /src/styles.css, /src/routes/admin.tsx, /src/components/social/GlobalSearchPanel.tsx, /src/components/social/ChatSection.tsx, /src/components/social/WorkChatPanel.tsx
[2026-08-22T04:48:37.277Z] 4:48:37 AM [vite] (client) hmr update /src/styles.css, /src/routes/admin.tsx, /src/components/social/ForumSection.tsx
[2026-08-22T04:48:37.277Z] 4:48:37 AM [vite] (client) hmr update /src/styles.css, /src/components/social/GlobalSearchPanel.tsx
[2026-08-22T04:48:37.277Z] 4:48:37 AM [vite] (client) hmr update /src/styles.css, /src/components/social/HistorySection.tsx, /src/components/social/GameCard.tsx
[2026-08-22T04:48:37.277Z] 4:48:37 AM [vite] (client) hmr update /src/styles.css, /src/components/social/GlobalSearchPanel.tsx, /src/components/social/ChatSection.tsx, /src/components/social/WorkChatPanel.tsx
[2026-08-22T04:48:37.277Z] 4:48:37 AM [vite] (client) hmr update /src/styles.css
[2026-08-22T04:48:37.277Z] 4:48:37 AM [vite] (client) hmr update /src/styles.css, /src/components/social/GamesHome.tsx
[2026-08-22T04:48:37.277Z] 4:48:37 AM [vite] (client) hmr update /src/styles.css
[2026-08-22T04:48:37.278Z] 4:48:37 AM [vite] (client) hmr update /src/styles.css
[2026-08-22T04:48:37.278Z] 4:48:37 AM [vite] (client) hmr update /src/styles.css
[2026-08-22T04:48:37.278Z] 4:48:37 AM [vite] (client) hmr update /src/routes/__root.tsx, /src/styles.css
[2026-08-22T04:48:37.279Z] 4:48:37 AM [vite] (client) hmr update /src/routes/admin.tsx, /src/styles.css
[2026-08-22T04:48:37.279Z] 4:48:37 AM [vite] (client) hmr update /src/routes/auth.tsx, /src/styles.css
[2026-08-22T04:48:37.279Z] 4:48:37 AM [vite] (client) hmr update /src/main.tsx?v=-u4fVTqz1oHOf_-peP0Ja, /src/main.tsx?v=FI4grkdW43D5HOB16LfEz, /src/main.tsx?v=0NSZVRkA2nUFuEbHpzy-s, /src/main.tsx?v=lKo3bgtljRpigVMFqDP4X, /src/main.tsx?v=qj6JbrV71bXMkVijwb-Zy, /src/main.tsx?v=gJ5ExK9ev-IsMWDChxzKm, /src/main.tsx?v=0APoFh5Ho8lMzc-0mz6KF, /src/main.tsx?v=tkGdEUwN_DYBdV0-Lma9a, /src/main.tsx?v=e8sjUOYIKDtMMVPkFswW4, /src/main.tsx?v=k7zCXYMg66C7pZ7_ejn-_, /src/main.tsx?v=ZFYVvuEgWlR39mLGAMAuT, /src/main.tsx?v=3XqUv02h3weWm7fwWhM1V, /src/main.tsx?v=YXQm_-swae--4_Qyt7UyX, /src/styles.css
[2026-08-22T04:48:37.279Z] 4:48:37 AM [vite] (client) hmr update /src/routes/feed.tsx, /src/styles.css
[2026-08-22T04:48:37.279Z] 4:48:37 AM [vite] (client) hmr update /src/routes/history.tsx, /src/styles.css
[2026-08-22T04:48:37.279Z] 4:48:37 AM [vite] (client) hmr update /src/routes/index.tsx, /src/styles.css
[2026-08-22T04:48:37.279Z] 4:48:37 AM [vite] (client) hmr update /src/routes/orbes.tsx, /src/styles.css
[2026-08-22T04:48:37.280Z] 4:48:37 AM [vite] (client) hmr update /src/routes/paint.tsx, /src/styles.css
[2026-08-22T04:48:37.280Z] 4:48:37 AM [vite] (client) hmr update /src/routes/plus.tsx, /src/styles.css
[2026-08-22T04:48:37.280Z] 4:48:37 AM [vite] (client) hmr update /src/routes/profile.$userId.tsx, /src/styles.css
[2026-08-22T04:48:37.280Z] 4:48:37 AM [vite] (client) hmr update /src/routes/profile.tsx, /src/styles.css
[2026-08-22T04:48:37.280Z] 4:48:37 AM [vite] (client) hmr update /src/routes/reset-password.tsx, /src/styles.css
[2026-08-22T04:48:37.280Z] 4:48:37 AM [vite] (client) hmr update /src/routes/search.tsx, /src/styles.css
[2026-08-22T04:48:37.280Z] 4:48:37 AM [vite] (client) hmr update /src/styles.css
[2026-08-22T04:48:37.282Z] 4:48:37 AM [vite] (client) page reload index.html
[2026-08-22T04:48:37.284Z] 4:48:37 AM [vite] (client) hmr update /src/styles.css
[2026-08-22T04:48:37.284Z] 4:48:37 AM [vite] (client) hmr update /src/styles.css
[2026-08-22T04:48:37.284Z] 4:48:37 AM [vite] (client) hmr update /src/main.tsx?v=-u4fVTqz1oHOf_-peP0Ja, /src/styles.css, /src/main.tsx?v=FI4grkdW43D5HOB16LfEz, /src/main.tsx?v=0NSZVRkA2nUFuEbHpzy-s, /src/main.tsx?v=lKo3bgtljRpigVMFqDP4X, /src/main.tsx?v=qj6JbrV71bXMkVijwb-Zy, /src/main.tsx?v=gJ5ExK9ev-IsMWDChxzKm, /src/main.tsx?v=0APoFh5Ho8lMzc-0mz6KF, /src/main.tsx?v=tkGdEUwN_DYBdV0-Lma9a, /src/main.tsx?v=e8sjUOYIKDtMMVPkFswW4, /src/main.tsx?v=k7zCXYMg66C7pZ7_ejn-_, /src/main.tsx?v=ZFYVvuEgWlR39mLGAMAuT, /src/main.tsx?v=3XqUv02h3weWm7fwWhM1V, /src/main.tsx?v=YXQm_-swae--4_Qyt7UyX
[2026-08-22T04:48:37.317Z] 4:48:37 AM [vite] (client) hmr update /src/styles.css, /src/components/engine/TransformInspector.tsx
[2026-08-22T04:48:37.317Z] 4:48:37 AM [vite] (client) hmr update /src/styles.css
[2026-08-22T04:48:37.317Z] 4:48:37 AM [vite] (client) hmr update /src/styles.css, /src/components/ai/OrionPanel.tsx
[2026-08-22T04:48:37.318Z] 4:48:37 AM [vite] (client) hmr update /src/styles.css, /src/routes/profile.$userId.tsx, /src/routes/auth.tsx
[2026-08-22T04:48:37.318Z] 4:48:37 AM [vite] (client) hmr update /src/main.tsx?v=-u4fVTqz1oHOf_-peP0Ja, /src/routes/profile.tsx, /src/routes/profile.$userId.tsx, /src/routes/orbes.tsx, /src/routes/index.tsx, /src/routes/plus.tsx, /src/routes/feed.tsx, /src/routes/admin.tsx, /src/components/social/ProfilePanel.tsx, /src/components/social/PostComposer.tsx, /src/components/social/PostCard.tsx, /src/components/social/GamesHome.tsx, /src/components/social/NotificationsPanel.tsx, /src/components/social/NotificationBell.tsx, /src/components/social/UserName.tsx, /src/components/social/EventsSection.tsx, /src/components/social/GlobalSearchPanel.tsx, /src/components/social/ChatSection.tsx, /src/components/social/WorkChatPanel.tsx, /src/components/engine/AsternalEditor.tsx, /src/components/engine/ProjectManager.tsx, /src/components/social/GallerySection.tsx, /src/components/social/HistorySection.tsx, /src/components/social/GameCard.tsx, /src/components/social/CommentSection.tsx, /src/components/engine/PublishGameDialog.tsx, /src/components/social/GamePageSection.tsx, /src/main.tsx?v=FI4grkdW43D5HOB16LfEz, /src/main.tsx?v=0NSZVRkA2nUFuEbHpzy-s, /src/main.tsx?v=lKo3bgtljRpigVMFqDP4X, /src/main.tsx?v=qj6JbrV71bXMkVijwb-Zy, /src/main.tsx?v=gJ5ExK9ev-IsMWDChxzKm, /src/main.tsx?v=0APoFh5Ho8lMzc-0mz6KF, /src/main.tsx?v=tkGdEUwN_DYBdV0-Lma9a, /src/main.tsx?v=e8sjUOYIKDtMMVPkFswW4, /src/main.tsx?v=k7zCXYMg66C7pZ7_ejn-_, /src/main.tsx?v=ZFYVvuEgWlR39mLGAMAuT, /src/main.tsx?v=3XqUv02h3weWm7fwWhM1V, /src/main.tsx?v=YXQm_-swae--4_Qyt7UyX, /src/styles.css
[2026-08-22T04:48:37.318Z] 4:48:37 AM [vite] (client) hmr update /src/styles.css
[2026-08-22T04:48:37.318Z] 4:48:37 AM [vite] (client) hmr update /src/styles.css
[2026-08-22T04:48:37.318Z] 4:48:37 AM [vite] (client) hmr update /src/styles.css, /src/components/engine/GameRuntime.tsx, /src/components/engine/ScriptEditor.tsx
[2026-08-22T04:48:37.318Z] 4:48:37 AM [vite] (client) hmr update /src/styles.css
[2026-08-22T04:48:37.318Z] 4:48:37 AM [vite] (client) hmr update /src/styles.css
[2026-08-22T04:48:37.318Z] 4:48:37 AM [vite] (client) hmr update /src/styles.css, /src/components/social/GlobalSearchPanel.tsx, /src/routes/index.tsx, /src/components/engine/AsternalEditor.tsx, /src/components/engine/ProjectManager.tsx, /src/components/social/GameCard.tsx, /src/components/engine/GameRuntime.tsx, /src/components/engine/SceneEditor.tsx
[2026-08-22T04:48:37.318Z] 4:48:37 AM [vite] (client) hmr update /src/styles.css
[2026-08-22T04:48:37.318Z] 4:48:37 AM [vite] (client) hmr update /src/styles.css, /src/components/social/HistorySection.tsx
[2026-08-22T04:48:37.318Z] 4:48:37 AM [vite] (client) hmr update /src/styles.css
[2026-08-22T04:48:37.318Z] 4:48:37 AM [vite] (client) hmr update /src/styles.css
[2026-08-22T04:48:37.318Z] 4:48:37 AM [vite] (client) hmr update /src/styles.css, /src/components/social/NotificationsPanel.tsx
[2026-08-22T04:48:37.318Z] 4:48:37 AM [vite] (client) hmr update /src/styles.css
[2026-08-22T04:48:37.318Z] 4:48:37 AM [vite] (client) hmr update /src/styles.css, /src/components/social/ProfilePanel.tsx
[2026-08-22T04:48:37.319Z] 4:48:37 AM [vite] (client) hmr update /src/styles.css, /src/components/social/GlobalSearchPanel.tsx
[2026-08-22T04:48:37.319Z] 4:48:37 AM [vite] (client) hmr update /src/styles.css, /src/components/social/GamePageSection.tsx
[2026-08-22T04:48:37.319Z] 4:48:37 AM [vite] (client) hmr update /src/styles.css
[2026-08-22T04:48:37.319Z] 4:48:37 AM [vite] (client) page reload client/index.html
[2026-08-22T04:48:37.427Z] 4:48:37 AM [tsx] unlink in ./shared/const.ts Restarting...
[2026-08-22T04:48:37.578Z] node:internal/modules/run_main:122
[2026-08-22T04:48:37.578Z] triggerUncaughtException(
[2026-08-22T04:48:37.578Z] ^
[2026-08-22T04:48:37.578Z] Error [ERR_MODULE_NOT_FOUND]: Cannot find module '/home/ubuntu/asternal-engine/server/_core/index.ts' imported from /home/ubuntu/asternal-engine/
[2026-08-22T04:48:37.579Z] at finalizeResolution (node:internal/modules/esm/resolve:275:11)
[2026-08-22T04:48:37.579Z] at moduleResolve (node:internal/modules/esm/resolve:932:10)
[2026-08-22T04:48:37.579Z] at defaultResolve (node:internal/modules/esm/resolve:1056:11)
[2026-08-22T04:48:37.579Z] at nextResolve (node:internal/modules/esm/hooks:748:28)
[2026-08-22T04:48:37.579Z] at resolveBase (file:///home/ubuntu/asternal-engine/node_modules/.pnpm/tsx@4.23.12/node_modules/tsx/dist/register-C4vWVmug.mjs:2:10334)
[2026-08-22T04:48:37.579Z] at resolveDirectory (file:///home/ubuntu/asternal-engine/node_modules/.pnpm/tsx@4.23.12/node_modules/tsx/dist/register-C4vWVmug.mjs:2:11421)
[2026-08-22T04:48:37.579Z] at resolveTsPaths (file:///home/ubuntu/asternal-engine/node_modules/.pnpm/tsx@4.23.12/node_modules/tsx/dist/register-C4vWVmug.mjs:2:13062)
[2026-08-22T04:48:37.579Z] at resolve (file:///home/ubuntu/asternal-engine/node_modules/.pnpm/tsx@4.23.12/node_modules/tsx/dist/register-C4vWVmug.mjs:2:14748)
[2026-08-22T04:48:37.579Z] at nextResolve (node:internal/modules/esm/hooks:748:28)
[2026-08-22T04:48:37.579Z] at Hooks.resolve (node:internal/modules/esm/hooks:240:30) {
[2026-08-22T04:48:37.579Z] code: 'ERR_MODULE_NOT_FOUND',
[2026-08-22T04:48:37.579Z] url: 'file:///home/ubuntu/asternal-engine/server/_core/index.ts'
[2026-08-22T04:48:37.579Z] }
[2026-08-22T04:48:37.579Z] Node.js v22.13.0
[2026-08-22T04:48:42.443Z] Dev server exited with code 0
[2026-08-22T04:50:16.137Z] Starting dev server with command: pnpm run dev
[2026-08-22T04:50:16.446Z] $ vite
[2026-08-22T04:50:16.751Z] 4:50:16 AM [vite] (client) Re-optimizing dependencies because lockfile has changed
[2026-08-22T04:50:16.767Z] VITE v7.3.6  ready in 294 ms
[2026-08-22T04:50:16.767Z] ➜  Local:   http://localhost:5173/
[2026-08-22T04:50:16.767Z] ➜  Network: http://169.254.0.21:5173/
[2026-08-22T05:08:54.921Z] 5:08:54 AM [vite] (client) hmr update /src/styles.css, /src/components/ai/OrionPanel.tsx
[2026-08-22T05:08:55.041Z] 5:08:55 AM [vite] vite.config.ts changed, restarting server...
[2026-08-22T05:08:55.047Z] ✘ [ERROR] No loader is configured for ".md" files: src/lib/ai/engine-knowledge.md?raw
[2026-08-22T05:08:55.047Z] src/lib/ai/engine-knowledge.ts:3:22:
[2026-08-22T05:08:55.047Z] 3 │ import knowledge from "./engine-knowledge.md?raw";
[2026-08-22T05:08:55.047Z] ╵                       ~~~~~~~~~~~~~~~~~~~~~~~~~~~
[2026-08-22T05:08:55.047Z] failed to load config from /home/ubuntu/asternal-engine/vite.config.ts
[2026-08-22T05:08:55.047Z] 5:08:55 AM [vite] Build failed with 1 error:
[2026-08-22T05:08:55.047Z] src/lib/ai/engine-knowledge.ts:3:22: ERROR: No loader is configured for ".md" files: src/lib/ai/engine-knowledge.md?raw
[2026-08-22T05:08:55.047Z] 5:08:55 AM [vite] server restart failed
[2026-08-22T05:09:29.143Z] 5:09:29 AM [vite] (client) hmr update /src/main.tsx, /src/styles.css
[2026-08-22T05:09:29.153Z] 5:09:29 AM [vite] (client) hmr update /src/styles.css
[2026-08-22T05:09:34.589Z] 5:09:34 AM [vite] (client) hmr update /src/styles.css
[2026-08-22T05:09:34.590Z] 5:09:34 AM [vite] (client) hmr update /vly-toolbar-readonly.tsx
[2026-08-22T05:10:17.451Z] 5:10:17 AM [vite] changed tsconfig file detected: /home/ubuntu/asternal-engine/tsconfig.app.json - Clearing cache and forcing full-reload to ensure TypeScript is compiled with updated config values.
[2026-08-22T05:11:25.181Z] 5:11:25 AM [vite] (client) hmr update /src/styles.css, /src/components/ai/OrionPanel.tsx
[2026-08-22T05:11:42.535Z] 5:11:42 AM [vite] (client) hmr update /src/styles.css, /src/components/ai/OrionPanel.tsx
[2026-08-22T05:12:04.010Z] 5:12:04 AM [vite] (client) hmr update /src/styles.css, /src/components/ai/OrionPanel.tsx
[2026-08-22T05:12:27.386Z] [ELIFECYCLE] Command failed.
[2026-08-22T05:12:27.391Z] Dev server exited with code -1
[2026-08-22T05:12:28.477Z] Starting dev server with command: pnpm run dev
[2026-08-22T05:12:28.737Z] $ vite --host
[2026-08-22T05:12:28.955Z] 5:12:28 AM [vite] (client) Re-optimizing dependencies because lockfile has changed
[2026-08-22T05:12:28.972Z] VITE v7.3.6  ready in 213 ms
[2026-08-22T05:12:28.972Z] ➜  Local:   http://localhost:5173/
[2026-08-22T05:12:28.972Z] ➜  Network: http://169.254.0.21:5173/
[2026-08-22T05:14:12.680Z] 5:14:12 AM [vite] server/orion.ts changed, restarting server...
[2026-08-22T05:14:12.724Z] 5:14:12 AM [vite] (client) Re-optimizing dependencies because lockfile has changed
[2026-08-22T05:14:12.732Z] 5:14:12 AM [vite] server restarted.
[2026-08-22T05:14:55.208Z] 5:14:55 AM [vite] vite.config.ts changed, restarting server...
[2026-08-22T05:14:55.222Z] 5:14:55 AM [vite] server restarted.
[2026-08-22T05:15:43.986Z] [ELIFECYCLE] Command failed.
[2026-08-22T05:15:43.992Z] Dev server exited with code -1
[2026-08-22T05:15:45.078Z] Starting dev server with command: pnpm run dev
[2026-08-22T05:15:45.377Z] $ vite --host
[2026-08-22T05:15:45.604Z] VITE v7.3.6  ready in 201 ms
[2026-08-22T05:15:45.604Z] ➜  Local:   http://localhost:5173/
[2026-08-22T05:15:45.604Z] ➜  Network: http://169.254.0.21:5173/
[2026-08-22T14:29:43.892Z] 2:29:43 PM [vite] vite.config.ts changed, restarting server...
[2026-08-22T14:29:43.910Z] 2:29:43 PM [vite] server restarted.
[2026-08-22T20:31:10.657Z] 8:31:10 PM [vite] vite.config.ts changed, restarting server...
[2026-08-22T20:31:10.676Z] 8:31:10 PM [vite] server restarted.
[2026-08-22T20:31:20.820Z] [ELIFECYCLE] Command failed.
[2026-08-22T20:31:20.826Z] Dev server exited with code -1
[2026-08-22T20:31:21.911Z] Starting dev server with command: pnpm run dev
[2026-08-22T20:31:22.188Z] $ vite --host
[2026-08-22T20:31:22.403Z] VITE v7.3.6  ready in 188 ms
[2026-08-22T20:31:22.403Z] ➜  Local:   http://localhost:5173/
[2026-08-22T20:31:22.403Z] ➜  Network: http://169.254.0.21:5173/
[2026-08-22T20:37:32.796Z] 8:37:32 PM [vite] (client) hmr update /src/styles.css
[2026-08-22T20:37:32.798Z] 8:37:32 PM [vite] (client) hmr update /src/styles.css
[2026-08-22T20:37:32.799Z] 8:37:32 PM [vite] (client) hmr update /src/styles.css
[2026-08-22T20:37:33.419Z] 8:37:33 PM [vite] (client) hmr update /src/styles.css
[2026-08-22T20:37:33.499Z] 8:37:33 PM [vite] (client) hmr update /src/styles.css
[2026-08-22T20:37:33.634Z] 8:37:33 PM [vite] (client) hmr update /src/routes/index.tsx, /src/styles.css
[2026-08-22T20:37:50.919Z] 8:37:50 PM [vite] (client) hmr update /src/styles.css
[2026-08-22T20:37:58.663Z] 8:37:58 PM [vite] (client) hmr update /src/styles.css, /src/components/social/SubPageHeader.tsx
[2026-08-22T20:38:38.387Z] 8:38:38 PM [vite] (client) hmr update /src/routes/auth.tsx, /src/styles.css
[2026-08-22T20:43:14.480Z] 8:43:14 PM [vite] (client) hmr update /src/main.tsx, /src/styles.css
[2026-08-22T20:44:38.371Z] 8:44:38 PM [vite] (client) hmr update /src/glass-intensity.css, /src/styles.css
[2026-08-22T20:56:34.914Z] Starting dev server with command: pnpm run dev
[2026-08-22T20:56:35.197Z] $ vite --host
[2026-08-22T20:56:35.421Z] VITE v7.3.6  ready in 199 ms
[2026-08-22T20:56:35.421Z] ➜  Local:   http://localhost:5173/
[2026-08-22T20:56:35.421Z] ➜  Network: http://169.254.0.21:5173/
[2026-08-22T21:00:37.545Z] 9:00:37 PM [vite] (client) hmr update /src/glass-intensity.css, /src/styles.css
[2026-08-22T21:00:37.545Z] 9:00:37 PM [vite] (client) hmr update /src/styles.css
[2026-08-22T21:01:09.278Z] [ELIFECYCLE] Command failed.
[2026-08-22T21:01:09.283Z] Dev server exited with code -1
[2026-08-22T21:01:10.371Z] Starting dev server with command: pnpm run dev
[2026-08-22T21:01:10.635Z] $ vite --host
[2026-08-22T21:01:10.847Z] VITE v7.3.6  ready in 189 ms
[2026-08-22T21:01:10.847Z] ➜  Local:   http://localhost:5173/
[2026-08-22T21:01:10.847Z] ➜  Network: http://169.254.0.21:5173/
[2026-08-22T21:15:42.482Z] 9:15:42 PM [vite] (client) hmr update /src/styles.css, /src/components/social/EventsSection.tsx
[2026-08-22T21:15:42.482Z] 9:15:42 PM [vite] (client) hmr update /src/routes/index.tsx, /src/styles.css
[2026-08-22T21:15:42.950Z] 9:15:42 PM [vite] (client) hmr update /src/styles.css, /src/components/social/GamePageSection.tsx
[2026-08-22T21:15:43.003Z] 9:15:43 PM [vite] (client) hmr update /src/styles.css, /src/components/social/GameIcon.tsx
[2026-08-22T21:15:43.046Z] 9:15:43 PM [vite] (client) hmr update /src/glass-intensity.css, /src/styles.css
[2026-08-22T21:16:16.717Z] 9:16:16 PM [vite] (client) hmr update /src/routes/plus.tsx, /src/styles.css
[2026-08-22T21:16:16.727Z] 9:16:16 PM [vite] (client) hmr update /src/glass-intensity.css, /src/styles.css
[2026-08-22T21:17:14.458Z] 9:17:14 PM [vite] (client) hmr update /src/routes/auth.tsx, /src/styles.css
[2026-08-22T21:22:52.432Z] 9:22:52 PM [vite] (client) hmr update /src/glass-intensity.css, /src/styles.css
[2026-08-22T21:33:24.078Z] Starting dev server with command: pnpm run dev
[2026-08-22T21:33:24.361Z] $ vite --host
[2026-08-22T21:33:24.584Z] VITE v7.3.6  ready in 195 ms
[2026-08-22T21:33:24.584Z] ➜  Local:   http://localhost:5173/
[2026-08-22T21:33:24.584Z] ➜  Network: http://169.254.0.21:5173/
[2026-08-22T21:33:45.815Z] 9:33:45 PM [vite] (client) hmr update /src/glass-intensity.css, /src/styles.css
[2026-08-22T21:41:11.379Z] Starting dev server with command: pnpm run dev
[2026-08-22T21:41:11.653Z] $ vite --host
[2026-08-22T21:41:11.882Z] VITE v7.3.6  ready in 202 ms
[2026-08-22T21:41:11.882Z] ➜  Local:   http://localhost:5173/
[2026-08-22T21:41:11.882Z] ➜  Network: http://169.254.0.21:5173/
[2026-08-22T21:56:06.844Z] 9:56:06 PM [vite] (client) hmr update /src/glass-intensity.css, /src/styles.css
[2026-08-22T21:57:48.199Z] [ELIFECYCLE] Command failed.
[2026-08-22T21:57:48.203Z] Dev server exited with code -1
[2026-08-22T21:57:49.291Z] Starting dev server with command: pnpm run dev
[2026-08-22T21:57:49.564Z] $ vite --host
[2026-08-22T21:57:49.769Z] VITE v7.3.6  ready in 181 ms
[2026-08-22T21:57:49.769Z] ➜  Local:   http://localhost:5173/
[2026-08-22T21:57:49.769Z] ➜  Network: http://169.254.0.21:5173/
[2026-08-22T22:00:43.603Z] 10:00:43 PM [vite] (client) hmr update /src/glass-intensity.css, /src/styles.css
[2026-08-22T22:07:46.268Z] 10:07:46 PM [vite] (client) hmr update /src/styles.css, /src/components/engine/AsternalEditor.tsx
[2026-08-22T22:07:46.268Z] 10:07:46 PM [vite] (client) hmr update /src/glass-intensity.css, /src/styles.css
[2026-08-22T22:07:46.269Z] 10:07:46 PM [vite] (client) hmr update /src/routes/orbes.tsx, /src/styles.css
[2026-08-22T22:07:46.620Z] 10:07:46 PM [vite] (client) hmr update /src/styles.css, /src/components/social/ProfilePanel.tsx
[2026-08-22T22:11:50.779Z] 10:11:50 PM [vite] (client) hmr update /src/styles.css, /src/components/social/GameCard.tsx
[2026-08-22T22:11:51.219Z] 10:11:51 PM [vite] (client) hmr update /src/styles.css, /src/components/social/GamePageSection.tsx
[2026-08-22T22:15:37.424Z] 10:15:37 PM [vite] (client) hmr update /src/styles.css, /src/components/social/GamesHome.tsx
[2026-08-22T22:15:37.427Z] 10:15:37 PM [vite] (client) hmr update /src/styles.css, /src/components/social/GameIcon.tsx
[2026-08-22T22:19:44.965Z] 10:19:44 PM [vite] (client) hmr update /src/styles.css, /src/components/social/GameCard.tsx
[2026-08-22T22:21:29.936Z] 10:21:29 PM [vite] (client) hmr update /src/styles.css, /src/components/engine/PublishGameDialog.tsx
[2026-08-22T22:28:34.540Z] 10:28:34 PM [vite] (client) hmr update /src/styles.css, /src/components/social/GameCard.tsx
[2026-08-22T22:28:34.545Z] 10:28:34 PM [vite] (client) hmr update /src/styles.css, /src/routes/profile.tsx, /src/routes/profile.$userId.tsx, /src/routes/feed.tsx, /src/routes/admin.tsx, /src/routes/orbes.tsx, /src/routes/plus.tsx, /src/routes/index.tsx, /src/components/social/SearchSection.tsx, /src/components/social/PostCard.tsx, /src/components/social/NotificationBell.tsx, /src/components/social/GamesHome.tsx, /src/components/social/GamePageSection.tsx, /src/components/social/ProfilePanel.tsx, /src/components/social/PostComposer.tsx, /src/components/social/ChatSection.tsx, /src/components/social/GlobalSearchPanel.tsx, /src/components/social/SharePostModal.tsx, /src/components/social/WorkChatPanel.tsx, /src/components/social/NotificationsPanel.tsx, /src/components/social/StoreSection.tsx, /src/components/social/EventsSection.tsx, /src/components/engine/AsternalEditor.tsx, /src/components/engine/ProjectManager.tsx, /src/components/social/CommentSection.tsx, /src/components/social/UserName.tsx, /src/components/social/GameCard.tsx, /src/components/social/SmartStatusPanel.tsx, /src/components/social/HistorySection.tsx, /src/components/engine/PublishGameDialog.tsx
[2026-08-22T22:28:35.016Z] 10:28:35 PM [vite] (client) hmr update /src/styles.css, /src/components/engine/PublishGameDialog.tsx
[2026-08-22T22:28:35.139Z] 10:28:35 PM [vite] (client) hmr update /src/styles.css, /src/components/social/GameIcon.tsx
[2026-08-22T22:28:35.145Z] 10:28:35 PM [vite] (client) hmr update /src/styles.css, /src/components/social/GamesHome.tsx
[2026-08-23T00:07:11.224Z] 12:07:11 AM [vite] (client) hmr update /src/styles.css, /src/components/social/GameCard.tsx
[2026-08-23T00:07:11.726Z] 12:07:11 AM [vite] (client) hmr update /src/styles.css, /src/components/social/PostCard.tsx
[2026-08-23T00:07:11.726Z] 12:07:11 AM [vite] (client) hmr update /src/styles.css, /src/components/social/GamesHome.tsx
[2026-08-23T00:07:11.727Z] 12:07:11 AM [vite] (client) hmr update /src/styles.css, /src/components/engine/PublishGameDialog.tsx
[2026-08-23T00:07:11.745Z] 12:07:11 AM [vite] (client) hmr update /src/styles.css, /src/components/social/SearchSection.tsx
[2026-08-23T00:07:12.001Z] 12:07:12 AM [vite] (client) hmr update /src/styles.css, /src/components/social/HistorySection.tsx
[2026-08-23T00:13:17.156Z] 12:13:17 AM [vite] (client) hmr update /src/styles.css, /src/components/social/GameIcon.tsx
[2026-08-23T00:13:17.174Z] 12:13:17 AM [vite] (client) hmr update /src/styles.css, /src/components/social/GameCard.tsx
[2026-08-23T00:16:39.734Z] 12:16:39 AM [vite] (client) hmr update /src/styles.css, /src/components/social/GameCard.tsx
[2026-08-23T00:22:00.165Z] 12:22:00 AM [vite] (client) hmr update /src/styles.css, /src/components/social/GamePageSection.tsx
[2026-08-23T00:22:32.038Z] 12:22:32 AM [vite] (client) ✨ new dependencies optimized: @radix-ui/react-alert-dialog, @radix-ui/react-slot, class-variance-authority
[2026-08-23T00:22:32.038Z] 12:22:32 AM [vite] (client) ✨ optimized dependencies changed. reloading
[2026-08-23T00:32:34.013Z] 12:32:34 AM [vite] (client) hmr update /src/styles.css, /src/components/social/GamesHome.tsx
[2026-08-23T00:33:09.629Z] 12:33:09 AM [vite] (client) hmr update /src/styles.css, /src/components/social/GamesHome.tsx
[2026-08-23T00:41:32.988Z] 12:41:32 AM [vite] (client) hmr update /src/routes/auth.tsx, /src/styles.css
[2026-08-23T00:50:37.213Z] 12:50:37 AM [vite] (client) hmr update /src/routes/auth.tsx, /src/styles.css
[2026-08-23T00:50:37.307Z] 12:50:37 AM [vite] (client) hmr update /src/styles.css, /src/routes/auth.tsx
[2026-08-23T00:55:39.169Z] 12:55:39 AM [vite] (client) hmr update /src/styles.css, /src/components/ui/alert-dialog.tsx
[2026-08-23T00:59:52.571Z] 12:59:52 AM [vite] (client) hmr update /src/styles.css, /src/routes/auth.tsx
[2026-08-23T00:59:52.658Z] 12:59:52 AM [vite] (client) hmr update /src/routes/auth.tsx, /src/styles.css
[2026-08-23T00:59:53.716Z] 12:59:53 AM [vite] (client) hmr invalidate /src/routes/auth.tsx Could not Fast Refresh ("Route" export is incompatible). Learn more at https://github.com/vitejs/vite-plugin-react/tree/main/packages/plugin-react#consistent-components-exports
[2026-08-23T00:59:53.716Z] 12:59:53 AM [vite] (client) hmr update /src/main.tsx
[2026-08-23T00:59:54.822Z] 12:59:54 AM [vite] (client) hmr invalidate /src/main.tsx Could not Fast Refresh ("true" export is incompatible). Learn more at https://github.com/vitejs/vite-plugin-react/tree/main/packages/plugin-react#consistent-components-exports
[2026-08-23T00:59:54.822Z] 12:59:54 AM [vite] (client) page reload src/main.tsx
[2026-08-23T01:01:49.112Z] 1:01:49 AM [vite] (client) hmr update /src/routes/auth.tsx, /src/styles.css
[2026-08-23T01:05:31.911Z] 1:05:31 AM [vite] (client) hmr update /src/routes/auth.tsx, /src/styles.css
[2026-08-23T01:05:32.711Z] 1:05:32 AM [vite] (client) hmr invalidate /src/routes/auth.tsx Could not Fast Refresh ("Route" export is incompatible). Learn more at https://github.com/vitejs/vite-plugin-react/tree/main/packages/plugin-react#consistent-components-exports
[2026-08-23T01:05:32.711Z] 1:05:32 AM [vite] (client) hmr update /src/main.tsx
[2026-08-23T01:05:33.159Z] 1:05:33 AM [vite] (client) hmr invalidate /src/main.tsx Could not Fast Refresh ("true" export is incompatible). Learn more at https://github.com/vitejs/vite-plugin-react/tree/main/packages/plugin-react#consistent-components-exports
[2026-08-23T01:05:33.159Z] 1:05:33 AM [vite] (client) page reload src/main.tsx
[2026-08-23T01:07:08.615Z] 1:07:08 AM [vite] (client) hmr update /src/routes/auth.tsx, /src/styles.css
[2026-08-23T01:07:08.724Z] 1:07:08 AM [vite] (client) hmr update /src/styles.css, /src/routes/auth.tsx
[2026-08-23T01:07:09.439Z] 1:07:09 AM [vite] (client) hmr invalidate /src/routes/auth.tsx Could not Fast Refresh ("Route" export is incompatible). Learn more at https://github.com/vitejs/vite-plugin-react/tree/main/packages/plugin-react#consistent-components-exports
[2026-08-23T01:07:09.439Z] 1:07:09 AM [vite] (client) hmr update /src/main.tsx
[2026-08-23T01:07:10.081Z] 1:07:10 AM [vite] (client) hmr invalidate /src/main.tsx Could not Fast Refresh ("true" export is incompatible). Learn more at https://github.com/vitejs/vite-plugin-react/tree/main/packages/plugin-react#consistent-components-exports
[2026-08-23T01:07:10.081Z] 1:07:10 AM [vite] (client) page reload src/main.tsx
[2026-08-23T01:08:51.288Z] 1:08:51 AM [vite] (client) hmr update /src/routes/auth.tsx, /src/styles.css
[2026-08-23T01:13:43.416Z] 1:13:43 AM [vite] (client) hmr update /src/styles.css, /src/routes/auth.tsx
[2026-08-23T01:13:43.427Z] 1:13:43 AM [vite] (client) hmr update /src/routes/auth.tsx, /src/styles.css
[2026-08-23T01:18:09.833Z] 1:18:09 AM [vite] (client) hmr update /src/routes/auth.tsx, /src/styles.css
[2026-08-23T01:18:26.154Z] 1:18:26 AM [vite] (client) hmr invalidate /src/routes/auth.tsx Could not Fast Refresh ("Route" export is incompatible). Learn more at https://github.com/vitejs/vite-plugin-react/tree/main/packages/plugin-react#consistent-components-exports
[2026-08-23T01:18:26.154Z] 1:18:26 AM [vite] (client) hmr update /src/main.tsx
[2026-08-23T01:18:26.599Z] 1:18:26 AM [vite] (client) hmr invalidate /src/main.tsx Could not Fast Refresh ("true" export is incompatible). Learn more at https://github.com/vitejs/vite-plugin-react/tree/main/packages/plugin-react#consistent-components-exports
[2026-08-23T01:18:26.599Z] 1:18:26 AM [vite] (client) page reload src/main.tsx
[2026-08-23T01:43:19.557Z] Starting dev server with command: pnpm run dev
[2026-08-23T01:43:19.809Z] $ vite --host
[2026-08-23T01:43:20.006Z] VITE v7.3.6  ready in 174 ms
[2026-08-23T01:43:20.006Z] ➜  Local:   http://localhost:5173/
[2026-08-23T01:43:20.006Z] ➜  Network: http://169.254.0.21:5173/
[2026-08-23T01:46:01.947Z] 1:46:01 AM [vite] (client) hmr update /src/routes/auth.tsx, /src/styles.css
[2026-08-23T01:46:02.139Z] 1:46:02 AM [vite] (client) hmr invalidate /src/routes/auth.tsx Could not Fast Refresh ("Route" export is incompatible). Learn more at https://github.com/vitejs/vite-plugin-react/tree/main/packages/plugin-react#consistent-components-exports
[2026-08-23T01:46:02.139Z] 1:46:02 AM [vite] (client) hmr update /src/main.tsx
[2026-08-23T01:46:02.176Z] 1:46:02 AM [vite] (client) hmr invalidate /src/main.tsx Could not Fast Refresh ("true" export is incompatible). Learn more at https://github.com/vitejs/vite-plugin-react/tree/main/packages/plugin-react#consistent-components-exports
[2026-08-23T01:46:02.176Z] 1:46:02 AM [vite] (client) page reload src/main.tsx
[2026-08-23T01:46:02.401Z] 1:46:02 AM [vite] (client) hmr update /src/styles.css, /src/routes/auth.tsx
[2026-08-23T01:46:05.440Z] 1:46:05 AM [vite] (client) hmr invalidate /src/routes/auth.tsx Could not Fast Refresh ("Route" export is incompatible). Learn more at https://github.com/vitejs/vite-plugin-react/tree/main/packages/plugin-react#consistent-components-exports
[2026-08-23T01:46:05.440Z] 1:46:05 AM [vite] (client) hmr update /src/main.tsx
[2026-08-23T01:46:05.480Z] 1:46:05 AM [vite] (client) hmr invalidate /src/main.tsx Could not Fast Refresh ("true" export is incompatible). Learn more at https://github.com/vitejs/vite-plugin-react/tree/main/packages/plugin-react#consistent-components-exports
[2026-08-23T01:46:05.480Z] 1:46:05 AM [vite] (client) page reload src/main.tsx
[2026-08-23T01:54:03.873Z] 1:54:03 AM [vite] (client) hmr update /src/routes/auth.tsx, /src/styles.css
[2026-08-23T01:54:03.908Z] 1:54:03 AM [vite] (client) hmr update /src/styles.css, /src/components/social/StoreSection.tsx
[2026-08-23T01:54:03.929Z] 1:54:03 AM [vite] (client) hmr update /src/styles.css, /src/components/social/PostCard.tsx
[2026-08-23T01:54:04.110Z] 1:54:04 AM [vite] (client) hmr invalidate /src/routes/auth.tsx Could not Fast Refresh ("Route" export is incompatible). Learn more at https://github.com/vitejs/vite-plugin-react/tree/main/packages/plugin-react#consistent-components-exports
[2026-08-23T01:54:04.110Z] 1:54:04 AM [vite] (client) hmr update /src/main.tsx
[2026-08-23T01:54:04.303Z] 1:54:04 AM [vite] (client) hmr invalidate /src/main.tsx Could not Fast Refresh ("true" export is incompatible). Learn more at https://github.com/vitejs/vite-plugin-react/tree/main/packages/plugin-react#consistent-components-exports
[2026-08-23T01:54:04.303Z] 1:54:04 AM [vite] (client) page reload src/main.tsx
[2026-08-23T01:54:46.987Z] 1:54:46 AM [vite] (client) hmr update /src/styles.css, /src/components/social/StoreSection.tsx
[2026-08-23T01:54:54.419Z] 1:54:54 AM [vite] (client) hmr update /src/styles.css, /src/components/social/StoreSection.tsx
[2026-08-23T01:57:33.669Z] 1:57:33 AM [vite] (client) hmr update /src/styles.css, /src/components/social/PostCard.tsx
[2026-08-23T01:57:34.156Z] 1:57:34 AM [vite] (client) hmr update /src/styles.css, /src/components/social/ProfilePanel.tsx
[2026-08-23T01:57:47.100Z] 1:57:47 AM [vite] (client) hmr update /src/styles.css, /src/routes/plus.tsx, /src/routes/profile.$userId.tsx, /src/routes/profile.tsx, /src/routes/orbes.tsx, /src/routes/index.tsx, /src/routes/feed.tsx, /src/routes/admin.tsx, /src/components/social/ProfilePanel.tsx, /src/components/social/PostComposer.tsx, /src/components/social/PostCard.tsx, /src/components/social/GamesHome.tsx, /src/components/social/NotificationsPanel.tsx, /src/components/social/ChatSection.tsx, /src/components/social/EventsSection.tsx, /src/components/social/SearchSection.tsx, /src/components/social/GamePageSection.tsx, /src/components/social/NotificationBell.tsx, /src/components/social/StoreSection.tsx, /src/components/social/HistorySection.tsx, /src/components/social/GameCard.tsx, /src/components/social/UserName.tsx, /src/components/social/SharePostModal.tsx, /src/components/social/WorkChatPanel.tsx, /src/components/social/GlobalSearchPanel.tsx, /src/components/engine/AsternalEditor.tsx, /src/components/engine/ProjectManager.tsx, /src/components/social/SmartStatusPanel.tsx, /src/components/engine/PublishGameDialog.tsx, /src/components/social/CommentSection.tsx
[2026-08-23T01:57:47.282Z] 1:57:47 AM [vite] (client) hmr invalidate /src/routes/plus.tsx Could not Fast Refresh ("Route" export is incompatible). Learn more at https://github.com/vitejs/vite-plugin-react/tree/main/packages/plugin-react#consistent-components-exports
[2026-08-23T01:57:47.282Z] 1:57:47 AM [vite] (client) hmr update /src/main.tsx
[2026-08-23T01:57:47.282Z] 1:57:47 AM [vite] (client) hmr invalidate /src/routes/profile.$userId.tsx Could not Fast Refresh ("Route" export is incompatible). Learn more at https://github.com/vitejs/vite-plugin-react/tree/main/packages/plugin-react#consistent-components-exports
[2026-08-23T01:57:47.282Z] 1:57:47 AM [vite] (client) hmr update /src/main.tsx
[2026-08-23T01:57:47.282Z] 1:57:47 AM [vite] (client) hmr invalidate /src/routes/profile.tsx Could not Fast Refresh ("Route" export is incompatible). Learn more at https://github.com/vitejs/vite-plugin-react/tree/main/packages/plugin-react#consistent-components-exports
[2026-08-23T01:57:47.282Z] 1:57:47 AM [vite] (client) hmr update /src/main.tsx
[2026-08-23T01:57:47.285Z] 1:57:47 AM [vite] (client) hmr invalidate /src/routes/orbes.tsx Could not Fast Refresh ("Route" export is incompatible). Learn more at https://github.com/vitejs/vite-plugin-react/tree/main/packages/plugin-react#consistent-components-exports
[2026-08-23T01:57:47.285Z] 1:57:47 AM [vite] (client) hmr update /src/main.tsx
[2026-08-23T01:57:47.285Z] 1:57:47 AM [vite] (client) hmr invalidate /src/routes/index.tsx Could not Fast Refresh ("Route" export is incompatible). Learn more at https://github.com/vitejs/vite-plugin-react/tree/main/packages/plugin-react#consistent-components-exports
[2026-08-23T01:57:47.285Z] 1:57:47 AM [vite] (client) hmr update /src/main.tsx
[2026-08-23T01:57:47.285Z] 1:57:47 AM [vite] (client) hmr invalidate /src/routes/feed.tsx Could not Fast Refresh ("Route" export is incompatible). Learn more at https://github.com/vitejs/vite-plugin-react/tree/main/packages/plugin-react#consistent-components-exports
[2026-08-23T01:57:47.285Z] 1:57:47 AM [vite] (client) hmr update /src/main.tsx
[2026-08-23T01:57:47.285Z] 1:57:47 AM [vite] (client) hmr invalidate /src/routes/admin.tsx Could not Fast Refresh ("Route" export is incompatible). Learn more at https://github.com/vitejs/vite-plugin-react/tree/main/packages/plugin-react#consistent-components-exports
[2026-08-23T01:57:47.285Z] 1:57:47 AM [vite] (client) hmr update /src/main.tsx
[2026-08-23T01:57:47.329Z] 1:57:47 AM [vite] (client) hmr invalidate /src/main.tsx Could not Fast Refresh ("true" export is incompatible). Learn more at https://github.com/vitejs/vite-plugin-react/tree/main/packages/plugin-react#consistent-components-exports
[2026-08-23T01:57:47.329Z] 1:57:47 AM [vite] (client) page reload src/main.tsx
[2026-08-23T01:57:53.230Z] 1:57:53 AM [vite] (client) hmr update /src/styles.css, /src/routes/plus.tsx, /src/routes/profile.$userId.tsx, /src/routes/profile.tsx, /src/routes/orbes.tsx, /src/routes/index.tsx, /src/routes/feed.tsx, /src/routes/admin.tsx, /src/components/social/ProfilePanel.tsx, /src/components/social/PostComposer.tsx, /src/components/social/PostCard.tsx, /src/components/social/GamesHome.tsx, /src/components/social/NotificationsPanel.tsx, /src/components/social/ChatSection.tsx, /src/components/social/EventsSection.tsx, /src/components/social/SearchSection.tsx, /src/components/social/GamePageSection.tsx, /src/components/social/NotificationBell.tsx, /src/components/social/StoreSection.tsx, /src/components/social/HistorySection.tsx, /src/components/social/GameCard.tsx, /src/components/social/UserName.tsx, /src/components/social/SharePostModal.tsx, /src/components/social/WorkChatPanel.tsx, /src/components/social/GlobalSearchPanel.tsx, /src/components/engine/AsternalEditor.tsx, /src/components/engine/ProjectManager.tsx, /src/components/social/SmartStatusPanel.tsx, /src/components/engine/PublishGameDialog.tsx, /src/components/social/CommentSection.tsx
[2026-08-23T01:57:53.398Z] 1:57:53 AM [vite] (client) hmr invalidate /src/routes/plus.tsx Could not Fast Refresh ("Route" export is incompatible). Learn more at https://github.com/vitejs/vite-plugin-react/tree/main/packages/plugin-react#consistent-components-exports
[2026-08-23T01:57:53.398Z] 1:57:53 AM [vite] (client) hmr update /src/main.tsx
[2026-08-23T01:57:53.398Z] 1:57:53 AM [vite] (client) hmr invalidate /src/routes/profile.$userId.tsx Could not Fast Refresh ("Route" export is incompatible). Learn more at https://github.com/vitejs/vite-plugin-react/tree/main/packages/plugin-react#consistent-components-exports
[2026-08-23T01:57:53.398Z] 1:57:53 AM [vite] (client) hmr update /src/main.tsx
[2026-08-23T01:57:53.398Z] 1:57:53 AM [vite] (client) hmr invalidate /src/routes/profile.tsx Could not Fast Refresh ("Route" export is incompatible). Learn more at https://github.com/vitejs/vite-plugin-react/tree/main/packages/plugin-react#consistent-components-exports
[2026-08-23T01:57:53.398Z] 1:57:53 AM [vite] (client) hmr update /src/main.tsx
[2026-08-23T01:57:53.399Z] 1:57:53 AM [vite] (client) hmr invalidate /src/routes/orbes.tsx Could not Fast Refresh ("Route" export is incompatible). Learn more at https://github.com/vitejs/vite-plugin-react/tree/main/packages/plugin-react#consistent-components-exports
[2026-08-23T01:57:53.399Z] 1:57:53 AM [vite] (client) hmr update /src/main.tsx
[2026-08-23T01:57:53.399Z] 1:57:53 AM [vite] (client) hmr invalidate /src/routes/index.tsx Could not Fast Refresh ("Route" export is incompatible). Learn more at https://github.com/vitejs/vite-plugin-react/tree/main/packages/plugin-react#consistent-components-exports
[2026-08-23T01:57:53.399Z] 1:57:53 AM [vite] (client) hmr update /src/main.tsx
[2026-08-23T01:57:53.399Z] 1:57:53 AM [vite] (client) hmr invalidate /src/routes/feed.tsx Could not Fast Refresh ("Route" export is incompatible). Learn more at https://github.com/vitejs/vite-plugin-react/tree/main/packages/plugin-react#consistent-components-exports
[2026-08-23T01:57:53.399Z] 1:57:53 AM [vite] (client) hmr update /src/main.tsx
[2026-08-23T01:57:53.399Z] 1:57:53 AM [vite] (client) hmr invalidate /src/routes/admin.tsx Could not Fast Refresh ("Route" export is incompatible). Learn more at https://github.com/vitejs/vite-plugin-react/tree/main/packages/plugin-react#consistent-components-exports
[2026-08-23T01:57:53.399Z] 1:57:53 AM [vite] (client) hmr update /src/main.tsx
[2026-08-23T01:57:53.442Z] 1:57:53 AM [vite] (client) hmr invalidate /src/main.tsx Could not Fast Refresh ("true" export is incompatible). Learn more at https://github.com/vitejs/vite-plugin-react/tree/main/packages/plugin-react#consistent-components-exports
[2026-08-23T01:57:53.442Z] 1:57:53 AM [vite] (client) page reload src/main.tsx
[2026-08-23T01:58:25.425Z] 1:58:25 AM [vite] (client) hmr update /src/styles.css, /src/routes/plus.tsx, /src/routes/profile.$userId.tsx, /src/routes/profile.tsx, /src/routes/orbes.tsx, /src/routes/index.tsx, /src/routes/feed.tsx, /src/routes/admin.tsx, /src/components/social/ProfilePanel.tsx, /src/components/social/PostComposer.tsx, /src/components/social/PostCard.tsx, /src/components/social/GamesHome.tsx, /src/components/social/NotificationsPanel.tsx, /src/components/social/ChatSection.tsx, /src/components/social/EventsSection.tsx, /src/components/social/SearchSection.tsx, /src/components/social/GamePageSection.tsx, /src/components/social/NotificationBell.tsx, /src/components/social/StoreSection.tsx, /src/components/social/HistorySection.tsx, /src/components/social/GameCard.tsx, /src/components/social/UserName.tsx, /src/components/social/SharePostModal.tsx, /src/components/social/WorkChatPanel.tsx, /src/components/social/GlobalSearchPanel.tsx, /src/components/engine/AsternalEditor.tsx, /src/components/engine/ProjectManager.tsx, /src/components/social/SmartStatusPanel.tsx, /src/components/engine/PublishGameDialog.tsx, /src/components/social/CommentSection.tsx
[2026-08-23T01:58:25.426Z] 1:58:25 AM [vite] (client) hmr update /src/styles.css, /src/components/social/ProfilePanel.tsx
[2026-08-23T01:58:25.691Z] 1:58:25 AM [vite] (client) hmr invalidate /src/routes/plus.tsx Could not Fast Refresh ("Route" export is incompatible). Learn more at https://github.com/vitejs/vite-plugin-react/tree/main/packages/plugin-react#consistent-components-exports
[2026-08-23T01:58:25.691Z] 1:58:25 AM [vite] (client) hmr update /src/main.tsx
[2026-08-23T01:58:25.691Z] 1:58:25 AM [vite] (client) hmr invalidate /src/routes/profile.$userId.tsx Could not Fast Refresh ("Route" export is incompatible). Learn more at https://github.com/vitejs/vite-plugin-react/tree/main/packages/plugin-react#consistent-components-exports
[2026-08-23T01:58:25.691Z] 1:58:25 AM [vite] (client) hmr update /src/main.tsx
[2026-08-23T01:58:25.691Z] 1:58:25 AM [vite] (client) hmr invalidate /src/routes/profile.tsx Could not Fast Refresh ("Route" export is incompatible). Learn more at https://github.com/vitejs/vite-plugin-react/tree/main/packages/plugin-react#consistent-components-exports
[2026-08-23T01:58:25.691Z] 1:58:25 AM [vite] (client) hmr update /src/main.tsx
[2026-08-23T01:58:25.691Z] 1:58:25 AM [vite] (client) hmr invalidate /src/routes/orbes.tsx Could not Fast Refresh ("Route" export is incompatible). Learn more at https://github.com/vitejs/vite-plugin-react/tree/main/packages/plugin-react#consistent-components-exports
[2026-08-23T01:58:25.691Z] 1:58:25 AM [vite] (client) hmr update /src/main.tsx
[2026-08-23T01:58:25.692Z] 1:58:25 AM [vite] (client) hmr invalidate /src/routes/index.tsx Could not Fast Refresh ("Route" export is incompatible). Learn more at https://github.com/vitejs/vite-plugin-react/tree/main/packages/plugin-react#consistent-components-exports
[2026-08-23T01:58:25.692Z] 1:58:25 AM [vite] (client) hmr update /src/main.tsx
[2026-08-23T01:58:25.692Z] 1:58:25 AM [vite] (client) hmr invalidate /src/routes/feed.tsx Could not Fast Refresh ("Route" export is incompatible). Learn more at https://github.com/vitejs/vite-plugin-react/tree/main/packages/plugin-react#consistent-components-exports
[2026-08-23T01:58:25.692Z] 1:58:25 AM [vite] (client) hmr update /src/main.tsx
[2026-08-23T01:58:25.692Z] 1:58:25 AM [vite] (client) hmr invalidate /src/routes/admin.tsx Could not Fast Refresh ("Route" export is incompatible). Learn more at https://github.com/vitejs/vite-plugin-react/tree/main/packages/plugin-react#consistent-components-exports
[2026-08-23T01:58:25.692Z] 1:58:25 AM [vite] (client) hmr update /src/main.tsx
[2026-08-23T01:58:25.762Z] 1:58:25 AM [vite] (client) hmr invalidate /src/main.tsx Could not Fast Refresh ("true" export is incompatible). Learn more at https://github.com/vitejs/vite-plugin-react/tree/main/packages/plugin-react#consistent-components-exports
[2026-08-23T01:58:25.762Z] 1:58:25 AM [vite] (client) page reload src/main.tsx
[2026-08-23T02:05:43.516Z] 2:05:43 AM [vite] (client) hmr update /src/styles.css, /src/components/social/ProfilePanel.tsx
[2026-08-23T02:05:43.540Z] 2:05:43 AM [vite] (client) hmr update /src/styles.css, /src/components/social/StoreSection.tsx
[2026-08-23T02:09:20.559Z] 2:09:20 AM [vite] (client) hmr update /src/styles.css, /src/components/social/StoreSection.tsx
[2026-08-23T02:09:20.560Z] 2:09:20 AM [vite] (client) hmr update /src/styles.css, /src/components/social/ProfilePanel.tsx, /src/components/social/StoreSection.tsx
[2026-08-23T02:09:20.584Z] 2:09:20 AM [vite] (client) hmr update /src/styles.css, /src/components/social/ProfilePanel.tsx
[2026-08-23T02:09:42.319Z] 2:09:42 AM [vite] (client) hmr update /src/styles.css, /src/components/social/ProfilePanel.tsx
[2026-08-23T02:13:18.770Z] 2:13:18 AM [vite] (client) hmr update /src/styles.css, /src/components/social/StoreSection.tsx
[2026-08-23T02:13:40.338Z] 2:13:40 AM [vite] (client) hmr update /src/styles.css, /src/components/social/StoreSection.tsx
[2026-08-23T02:20:41.218Z] Starting dev server with command: pnpm run dev
[2026-08-23T02:20:41.725Z] $ vite --host
[2026-08-23T02:20:42.167Z] VITE v7.3.6  ready in 393 ms
[2026-08-23T02:20:42.167Z] ➜  Local:   http://localhost:5173/
[2026-08-23T02:20:42.167Z] ➜  Network: http://169.254.0.21:5173/
[2026-08-23T05:18:00.656Z] Starting dev server with command: pnpm run dev
[2026-08-23T05:18:01.242Z] $ vite --host
[2026-08-23T05:18:02.308Z] Port 5173 is in use, trying another one...
[2026-08-23T05:18:02.309Z] VITE v7.3.6  ready in 972 ms
[2026-08-23T05:18:02.309Z] ➜  Local:   http://localhost:5174/
[2026-08-23T05:18:02.309Z] ➜  Network: http://169.254.0.21:5174/
[2026-08-23T05:20:36.698Z] [ELIFECYCLE] Command failed.
[2026-08-23T05:20:36.704Z] Dev server exited with code -1
[2026-08-23T05:20:37.767Z] Starting dev server with command: pnpm run dev
[2026-08-23T05:20:38.305Z] $ vite --host
[2026-08-23T05:20:38.740Z] VITE v7.3.6  ready in 389 ms
[2026-08-23T05:20:38.740Z] ➜  Local:   http://localhost:5173/
[2026-08-23T05:20:38.741Z] ➜  Network: http://169.254.0.21:5173/
[2026-08-23T15:17:34.485Z] 3:17:34 PM [vite] (client) hmr update /src/styles.css, /src/components/social/StoreSection.tsx, /src/components/social/ProfilePanel.tsx
[2026-08-23T15:17:34.488Z] 3:17:34 PM [vite] (client) hmr update /src/styles.css, /src/routes/profile.$userId.tsx, /src/routes/plus.tsx, /src/routes/profile.tsx, /src/routes/feed.tsx, /src/routes/orbes.tsx, /src/routes/index.tsx, /src/routes/admin.tsx, /src/components/social/NotificationBell.tsx, /src/components/social/GamePageSection.tsx, /src/components/social/PostCard.tsx, /src/components/social/GamesHome.tsx, /src/components/social/SearchSection.tsx, /src/components/social/PostComposer.tsx, /src/components/engine/AsternalEditor.tsx, /src/components/social/StoreSection.tsx, /src/components/engine/ProjectManager.tsx, /src/components/social/EventsSection.tsx, /src/components/social/NotificationsPanel.tsx, /src/components/social/ProfilePanel.tsx, /src/components/social/ChatSection.tsx, /src/components/social/SharePostModal.tsx, /src/components/social/GlobalSearchPanel.tsx, /src/components/social/WorkChatPanel.tsx, /src/components/engine/PublishGameDialog.tsx, /src/components/social/HistorySection.tsx, /src/components/social/GameCard.tsx, /src/components/social/UserName.tsx, /src/components/social/CommentSection.tsx, /src/components/social/SmartStatusPanel.tsx
[2026-08-23T15:17:34.490Z] 3:17:34 PM [vite] (client) hmr update /src/styles.css, /src/components/social/StoreSection.tsx
[2026-08-23T15:17:34.490Z] 3:17:34 PM [vite] (client) hmr update /src/styles.css, /src/components/social/ProfilePanel.tsx
[2026-08-23T15:24:30.874Z] 3:24:30 PM [vite] (client) hmr update /src/styles.css, /src/components/social/ProfilePanel.tsx
[2026-08-23T15:24:30.891Z] 3:24:30 PM [vite] (client) hmr update /src/glass-intensity.css, /src/styles.css
[2026-08-23T15:24:30.959Z] 3:24:30 PM [vite] (client) hmr update /src/styles.css, /src/components/social/PostCard.tsx, /src/components/social/StoreSection.tsx
[2026-08-23T15:25:00.421Z] 3:25:00 PM [vite] (client) hmr update /src/styles.css, /src/components/social/ProfilePanel.tsx
[2026-08-23T15:33:07.812Z] 3:33:07 PM [vite] (client) hmr update /src/glass-intensity.css, /src/styles.css
[2026-08-23T15:33:07.818Z] 3:33:07 PM [vite] (client) hmr update /src/styles.css, /src/components/social/ProfilePanel.tsx
[2026-08-23T15:33:14.211Z] 3:33:14 PM [vite] (client) hmr update /src/styles.css, /src/components/social/ProfilePanel.tsx
[2026-08-23T15:39:01.948Z] 3:39:01 PM [vite] (client) hmr update /src/styles.css, /src/components/social/ProfilePanel.tsx
[2026-08-23T15:43:04.819Z] 3:43:04 PM [vite] (client) hmr update /src/styles.css, /src/components/social/ProfilePanel.tsx
[2026-08-23T15:49:06.352Z] 3:49:06 PM [vite] (client) hmr update /src/styles.css, /src/components/social/ProfilePanel.tsx
[2026-08-23T15:49:32.246Z] 3:49:32 PM [vite] (client) hmr update /src/styles.css, /src/components/social/PortfolioPanel.tsx
[2026-08-23T15:49:37.151Z] 3:49:37 PM [vite] (client) hmr update /src/styles.css, /src/components/social/PortfolioPanel.tsx
[2026-08-23T15:49:45.899Z] 3:49:45 PM [vite] (client) hmr update /src/styles.css, /src/components/social/PortfolioPanel.tsx
[2026-08-23T16:04:06.309Z] 4:04:06 PM [vite] (client) hmr update /src/styles.css, /src/components/social/PortfolioPanel.tsx
[2026-08-23T16:04:06.309Z] 4:04:06 PM [vite] (client) hmr update /src/styles.css, /src/components/social/ProfilePanel.tsx
[2026-08-23T16:04:06.310Z] 4:04:06 PM [vite] (client) hmr update /src/styles.css, /src/components/social/PostCard.tsx, /src/components/social/StoreSection.tsx, /src/components/social/ProfilePanel.tsx
[2026-08-23T16:10:39.377Z] 4:10:39 PM [vite] (client) hmr update /src/styles.css, /src/components/social/ProfilePanel.tsx
[2026-08-23T16:11:17.399Z] 4:11:17 PM [vite] (client) hmr update /src/styles.css, /src/components/social/PostCard.tsx
[2026-08-23T16:11:30.643Z] 4:11:30 PM [vite] (client) hmr update /src/styles.css, /src/components/social/PostCard.tsx, /src/components/social/StoreSection.tsx, /src/components/social/ProfilePanel.tsx
[2026-08-23T16:19:58.609Z] 4:19:58 PM [vite] (client) hmr update /src/styles.css, /src/components/social/ProfilePanel.tsx
[2026-08-23T16:21:00.270Z] 4:21:00 PM [vite] (client) ✨ new dependencies optimized: vaul
[2026-08-23T16:21:00.270Z] 4:21:00 PM [vite] (client) ✨ optimized dependencies changed. reloading
[2026-08-23T16:29:36.382Z] 4:29:36 PM [vite] (client) hmr update /src/styles.css, /src/components/social/PortfolioPanel.tsx
[2026-08-23T16:29:45.211Z] 4:29:45 PM [vite] (client) hmr update /src/styles.css, /src/components/social/PortfolioPanel.tsx
[2026-08-23T16:36:40.029Z] 4:36:40 PM [vite] (client) hmr update /src/styles.css, /src/components/social/StoreSection.tsx
[2026-08-23T16:36:40.031Z] 4:36:40 PM [vite] (client) hmr update /src/styles.css, /src/components/social/ProfilePanel.tsx
[2026-08-23T16:41:51.541Z] 4:41:51 PM [vite] (client) hmr update /src/routes/auth.tsx, /src/styles.css
[2026-08-23T16:41:51.545Z] 4:41:51 PM [vite] (client) hmr update /src/styles.css, /src/components/social/ProfilePanel.tsx
[2026-08-23T16:41:51.548Z] 4:41:51 PM [vite] (client) hmr update /src/styles.css, /src/components/social/StoreSection.tsx
[2026-08-23T16:48:01.482Z] 4:48:01 PM [vite] (client) hmr update /src/styles.css, /src/components/social/ProfilePanel.tsx
[2026-08-23T16:48:09.037Z] 4:48:09 PM [vite] (client) hmr update /src/styles.css, /src/components/social/PostCard.tsx, /src/components/social/StoreSection.tsx, /src/components/social/ProfilePanel.tsx
[2026-08-23T16:53:23.145Z] 4:53:23 PM [vite] (client) hmr update /src/styles.css, /src/components/social/ProfilePanel.tsx
[2026-08-23T17:02:35.230Z] 5:02:35 PM [vite] (client) hmr update /src/styles.css, /src/components/ui/segmented.tsx
[2026-08-23T17:02:35.233Z] 5:02:35 PM [vite] (client) hmr update /src/styles.css, /src/components/social/ProfilePanel.tsx
[2026-08-23T17:02:57.525Z] 5:02:57 PM [vite] (client) hmr update /src/styles.css, /src/components/social/PostCard.tsx
[2026-08-23T17:08:00.075Z] 5:08:00 PM [vite] (client) hmr update /src/styles.css, /src/components/social/PostCard.tsx
[2026-08-23T17:08:04.806Z] 5:08:04 PM [vite] (client) hmr update /src/styles.css, /src/components/ui/segmented.tsx
[2026-08-23T17:15:19.836Z] 5:15:19 PM [vite] (client) hmr update /src/styles.css, /src/components/engine/AsternalEditor.tsx, /src/components/engine/PaintEditor.tsx, /src/routes/index.tsx, /src/components/social/StoreSection.tsx, /src/components/engine/ProjectManager.tsx, /src/components/social/GameCard.tsx, /src/components/social/GlobalSearchPanel.tsx, /src/components/engine/GameRuntime.tsx, /src/components/engine/SceneEditor.tsx, /src/components/engine/AnimationEditor.tsx, /src/components/engine/UIEditor.tsx, /src/components/engine/ScriptEditor.tsx
[2026-08-23T17:16:07.711Z] 5:16:07 PM [vite] (client) hmr update /src/styles.css, /src/components/engine/ScriptEditor.tsx, /src/components/engine/GameRuntime.tsx
[2026-08-23T17:16:50.153Z] 5:16:50 PM [vite] (client) hmr update /src/styles.css, /src/components/engine/ScriptEditor.tsx, /src/components/engine/GameRuntime.tsx
[2026-08-23T17:17:03.358Z] 5:17:03 PM [vite] (client) hmr update /src/styles.css, /src/components/engine/ScriptEditor.tsx, /src/components/engine/GameRuntime.tsx
[2026-08-23T17:18:01.533Z] 5:18:01 PM [vite] (client) hmr update /src/styles.css, /src/components/engine/ScriptEditor.tsx
[2026-08-23T17:18:11.643Z] 5:18:11 PM [vite] (client) hmr update /src/styles.css, /src/components/engine/ScriptEditor.tsx
[2026-08-23T17:18:25.857Z] 5:18:25 PM [vite] (client) hmr update /src/styles.css, /src/components/engine/ScriptEditor.tsx
[2026-08-23T17:19:38.023Z] 5:19:38 PM [vite] (client) hmr update /src/styles.css, /src/components/engine/ScriptEditor.tsx, /src/components/engine/GameRuntime.tsx
[2026-08-24T00:06:40.285Z] 12:06:40 AM [vite] (client) hmr update /src/routes/index.tsx, /src/styles.css
[2026-08-24T00:06:40.302Z] 12:06:40 AM [vite] (client) hmr update /src/styles.css, /src/components/social/ProfilePanel.tsx
[2026-08-24T00:06:40.588Z] 12:06:40 AM [vite] (client) hmr update /src/styles.css, /src/components/ui/segmented.tsx
[2026-08-24T00:07:52.657Z] 12:07:52 AM [vite] (client) hmr update /src/styles.css, /src/components/social/ProfilePanel.tsx
[2026-08-24T00:07:52.968Z] 12:07:52 AM [vite] (client) hmr update /src/styles.css, /src/components/social/PortfolioPanel.tsx
[2026-08-24T00:08:30.882Z] 12:08:30 AM [vite] (client) hmr update /src/styles.css, /src/components/social/PortfolioPanel.tsx
[2026-08-24T00:27:51.769Z] Starting dev server with command: pnpm run dev
[2026-08-24T00:27:52.339Z] $ vite --host
[2026-08-24T00:27:52.779Z] VITE v7.3.6  ready in 392 ms
[2026-08-24T00:27:52.779Z] ➜  Local:   http://localhost:5173/
[2026-08-24T00:27:52.779Z] ➜  Network: http://169.254.0.21:5173/
[2026-08-24T00:31:43.040Z] 12:31:43 AM [vite] (client) hmr update /src/routes/index.tsx, /src/styles.css
[2026-08-24T00:48:03.310Z] 12:48:03 AM [vite] (client) hmr update /src/styles.css
[2026-08-24T00:48:03.660Z] 12:48:03 AM [vite] (client) hmr update /src/styles.css, /src/components/social/ProfilePanel.tsx
[2026-08-24T00:53:35.995Z] 12:53:35 AM [vite] (client) hmr update /src/styles.css, /src/components/social/ProfilePanel.tsx
[2026-08-24T00:53:35.997Z] 12:53:35 AM [vite] (client) hmr update /src/styles.css, /src/components/social/ProfilePanel.tsx
[2026-08-24T00:53:35.998Z] 12:53:35 AM [vite] (client) hmr update /src/styles.css, /src/components/social/TrustPointsHistory.tsx
[2026-08-24T01:55:39.141Z] 1:55:39 AM [vite] (client) hmr update /src/styles.css, /src/components/social/PortfolioPanel.tsx
[2026-08-24T01:56:22.332Z] 1:56:22 AM [vite] (client) hmr update /src/styles.css, /src/components/social/ProfilePanel.tsx
[2026-08-24T01:57:04.986Z] 1:57:04 AM [vite] (client) hmr update /src/styles.css, /src/components/social/ProfilePanel.tsx
[2026-08-24T01:57:42.695Z] 1:57:42 AM [vite] (client) hmr update /src/styles.css, /src/components/social/PortfolioPanel.tsx
[2026-08-24T02:09:22.790Z] 2:09:22 AM [vite] (client) hmr update /src/styles.css, /src/components/social/PostCard.tsx
[2026-08-24T02:10:17.985Z] 2:10:17 AM [vite] (client) hmr update /src/styles.css, /src/components/social/PortfolioPanel.tsx
[2026-08-24T02:42:42.961Z] 2:42:42 AM [vite] (client) hmr update /src/styles.css, /src/components/social/PortfolioPanel.tsx
[2026-08-24T02:42:50.905Z] 2:42:50 AM [vite] (client) hmr update /src/styles.css, /src/components/social/PortfolioPanel.tsx
[2026-08-24T02:44:26.289Z] 2:44:26 AM [vite] (client) hmr update /src/styles.css, /src/components/social/ChatSection.tsx
[2026-08-24T02:44:31.027Z] 2:44:31 AM [vite] (client) hmr update /src/styles.css, /src/components/social/ChatSection.tsx
[2026-08-24T02:44:47.579Z] 2:44:47 AM [vite] (client) hmr update /src/styles.css, /src/components/social/ChatSection.tsx
[2026-08-24T02:44:53.534Z] 2:44:53 AM [vite] (client) hmr update /src/styles.css, /src/components/social/ChatSection.tsx
[2026-08-24T02:45:25.543Z] 2:45:25 AM [vite] (client) hmr update /src/styles.css, /src/components/social/ChatSection.tsx
[2026-08-24T03:34:01.316Z] 3:34:01 AM [vite] (client) hmr update /src/styles.css, /src/components/social/PortfolioPanel.tsx
[2026-08-24T03:34:01.320Z] 3:34:01 AM [vite] (client) hmr update /src/components/social/SharePortfolioModal.tsx, /src/styles.css
[2026-08-24T03:34:01.320Z] 3:34:01 AM [vite] (client) hmr update /src/styles.css, /src/components/social/ChatSection.tsx
[2026-08-24T03:38:10.258Z] 3:38:10 AM [vite] (client) hmr update /src/components/social/SharePortfolioModal.tsx, /src/styles.css
[2026-08-24T18:12:20.447Z] 6:12:20 PM [vite] (client) hmr update /src/styles.css, /src/components/social/PostComposer.tsx
[2026-08-24T18:41:02.474Z] 6:41:02 PM [vite] (client) hmr update /src/styles.css, /src/components/social/PostComposer.tsx
[2026-08-24T18:47:28.106Z] 6:47:28 PM [vite] (client) hmr update /src/styles.css, /src/components/social/SharePostModal.tsx
[2026-08-24T18:48:07.372Z] 6:48:07 PM [vite] (client) hmr update /src/styles.css, /src/components/social/SharePostModal.tsx
[2026-08-24T19:41:26.831Z] 7:41:26 PM [vite] (client) hmr update /src/styles.css, /src/components/social/SharePostModal.tsx
[2026-08-24T19:41:26.872Z] 7:41:26 PM [vite] (client) hmr update /src/styles.css, /src/components/social/PostCard.tsx
[2026-08-24T19:41:53.915Z] 7:41:53 PM [vite] (client) hmr update /src/styles.css, /src/components/social/ChatSection.tsx
[2026-08-24T19:43:05.506Z] 7:43:05 PM [vite] (client) hmr update /src/styles.css, /src/components/social/ChatSection.tsx
[2026-08-24T19:46:21.671Z] 7:46:21 PM [vite] (client) hmr update /src/glass-intensity.css, /src/styles.css
[2026-08-24T19:46:21.673Z] 7:46:21 PM [vite] (client) hmr update /src/routes/index.tsx, /src/styles.css
[2026-08-24T19:50:23.283Z] 7:50:23 PM [vite] (client) hmr update /src/styles.css, /src/components/social/SharedPostPanel.tsx
[2026-08-24T19:50:23.285Z] 7:50:23 PM [vite] (client) hmr update /src/styles.css, /src/components/social/ChatSection.tsx
[2026-08-24T19:50:23.291Z] 7:50:23 PM [vite] (client) hmr update /src/styles.css, /src/components/social/PortfolioPanel.tsx
[2026-08-24T20:08:39.874Z] 8:08:39 PM [vite] (client) hmr update /src/routes/index.tsx, /src/styles.css
[2026-08-24T20:08:39.876Z] 8:08:39 PM [vite] (client) hmr update /src/glass-intensity.css, /src/styles.css
[2026-08-25T21:55:03.195Z] 9:55:03 PM [tsx] unlink in ./server/_core/index.ts Restarting...
[2026-08-25T21:55:03.418Z] c/home/ubuntu/asternal-engine-manus/server/_core/index.ts:60
[2026-08-25T21:55:03.418Z] if (!Number.isFinite(port) || port <= 0) throw new Error("El entorno debe proporcionar un puerto para iniciar el servidor.");
[2026-08-25T21:55:03.418Z] ^
[2026-08-25T21:55:03.418Z] Error: El entorno debe proporcionar un puerto para iniciar el servidor.
[2026-08-25T21:55:03.418Z] at <anonymous> (/home/ubuntu/asternal-engine-manus/server/_core/index.ts:60:48)
[2026-08-25T21:55:03.418Z] at ModuleJob.run (node:internal/modules/esm/module_job:271:25)
[2026-08-25T21:55:03.418Z] at async onImport.tracePromise.__proto__ (node:internal/modules/esm/loader:547:26)
[2026-08-25T21:55:03.418Z] at async asyncRunEntryPointWithESMLoader (node:internal/modules/run_main:116:5)
[2026-08-25T21:55:03.418Z] Node.js v22.13.0
[2026-08-25T21:57:15.069Z] 9:57:15 PM [tsx] change in ./server/ai-provider.ts Rerunning...
[2026-08-25T21:57:15.253Z] c/home/ubuntu/asternal-engine-manus/server/_core/index.ts:60
[2026-08-25T21:57:15.253Z] if (!Number.isFinite(port) || port <= 0) throw new Error("El entorno debe proporcionar un puerto para iniciar el servidor.");
[2026-08-25T21:57:15.253Z] ^
[2026-08-25T21:57:15.253Z] Error: El entorno debe proporcionar un puerto para iniciar el servidor.
[2026-08-25T21:57:15.253Z] at <anonymous> (/home/ubuntu/asternal-engine-manus/server/_core/index.ts:60:48)
[2026-08-25T21:57:15.253Z] at ModuleJob.run (node:internal/modules/esm/module_job:271:25)
[2026-08-25T21:57:15.253Z] at async onImport.tracePromise.__proto__ (node:internal/modules/esm/loader:547:26)
[2026-08-25T21:57:15.253Z] at async asyncRunEntryPointWithESMLoader (node:internal/modules/run_main:116:5)
[2026-08-25T21:57:15.253Z] Node.js v22.13.0
[2026-08-25T21:57:44.879Z] ELIFECYCLE  Command failed.
[2026-08-25T21:57:44.892Z] Dev server exited with code -1
[2026-08-25T21:57:45.986Z] Starting dev server with command: pnpm run dev
[2026-08-25T21:57:46.163Z] > asternal-web@0.0.0 dev /home/ubuntu/asternal-engine-manus
[2026-08-25T21:57:46.163Z] > vite --host
[2026-08-25T21:57:46.427Z] 9:57:46 PM [vite] (client) Re-optimizing dependencies because vite config has changed
[2026-08-25T21:57:46.460Z] Failed to resolve dependency: @tanstack/react-router, present in client 'optimizeDeps.include'
[2026-08-25T21:57:46.464Z] VITE v7.1.9  ready in 276 ms
[2026-08-25T21:57:46.464Z] ➜  Local:   http://localhost:5173/
[2026-08-25T21:57:46.464Z] ➜  Network: http://169.254.0.21:5173/
[2026-08-25T21:57:46.625Z] (!) Failed to run dependency scan. Skipping dependency pre-bundling. Error: The following dependencies are imported but could not be resolved:
[2026-08-25T21:57:46.625Z] @tanstack/react-router (imported by /home/ubuntu/asternal-engine-manus/src/components/social/GlobalSearchPanel.tsx)
[2026-08-25T21:57:46.625Z] @supabase/supabase-js (imported by /home/ubuntu/asternal-engine-manus/src/integrations/supabase/client.ts)
[2026-08-25T21:57:46.625Z] react-icons/fa (imported by /home/ubuntu/asternal-engine-manus/src/components/social/GameIcon.tsx)
[2026-08-25T21:57:46.625Z] Are they installed?
[2026-08-25T21:57:46.625Z] at file:///home/ubuntu/asternal-engine-manus/node_modules/.pnpm/vite@7.1.9_@types+node@24.7.0_jiti@2.6.1_lightningcss@1.30.1_tsx@4.20.6/node_modules/vite/dist/node/chunks/dep-Chhhsdoe.js:10939:33
[2026-08-25T21:57:46.625Z] at process.processTicksAndRejections (node:internal/process/task_queues:105:5)
[2026-08-25T21:57:46.625Z] at async file:///home/ubuntu/asternal-engine-manus/node_modules/.pnpm/vite@7.1.9_@types+node@24.7.0_jiti@2.6.1_lightningcss@1.30.1_tsx@4.20.6/node_modules/vite/dist/node/chunks/dep-Chhhsdoe.js:34464:15
[2026-08-25T21:57:48.180Z] [baseline-browser-mapping] The data in this module is over two months old.  To ensure accurate Baseline data, please update: `npm i baseline-browser-mapping@latest -D`
[2026-08-25T21:57:48.265Z] 9:57:48 PM [vite] Internal server error: Failed to resolve import "@tanstack/react-router" from "src/main.tsx". Does the file exist?
[2026-08-25T21:57:48.266Z] Plugin: vite:import-analysis
[2026-08-25T21:57:48.266Z] File: /home/ubuntu/asternal-engine-manus/src/main.tsx:4:31
[2026-08-25T21:57:48.266Z] 3  |  import React, { StrictMode } from "react";
[2026-08-25T21:57:48.266Z] 4  |  import { createRoot } from "react-dom/client";
[2026-08-25T21:57:48.266Z] 5  |  import { RouterProvider } from "@tanstack/react-router";
[2026-08-25T21:57:48.266Z] |                                  ^
[2026-08-25T21:57:48.266Z] 6  |  import { getRouter } from "./router";
[2026-08-25T21:57:48.266Z] 7  |  import "./styles.css";
[2026-08-25T21:57:48.266Z] at TransformPluginContext._formatLog (file:///home/ubuntu/asternal-engine-manus/node_modules/.pnpm/vite@7.1.9_@types+node@24.7.0_jiti@2.6.1_lightningcss@1.30.1_tsx@4.20.6/node_modules/vite/dist/node/chunks/dep-Chhhsdoe.js:31219:43)
[2026-08-25T21:57:48.266Z] at TransformPluginContext.error (file:///home/ubuntu/asternal-engine-manus/node_modules/.pnpm/vite@7.1.9_@types+node@24.7.0_jiti@2.6.1_lightningcss@1.30.1_tsx@4.20.6/node_modules/vite/dist/node/chunks/dep-Chhhsdoe.js:31216:14)
[2026-08-25T21:57:48.266Z] at normalizeUrl (file:///home/ubuntu/asternal-engine-manus/node_modules/.pnpm/vite@7.1.9_@types+node@24.7.0_jiti@2.6.1_lightningcss@1.30.1_tsx@4.20.6/node_modules/vite/dist/node/chunks/dep-Chhhsdoe.js:29699:18)
[2026-08-25T21:57:48.266Z] at process.processTicksAndRejections (node:internal/process/task_queues:105:5)
[2026-08-25T21:57:48.266Z] at async file:///home/ubuntu/asternal-engine-manus/node_modules/.pnpm/vite@7.1.9_@types+node@24.7.0_jiti@2.6.1_lightningcss@1.30.1_tsx@4.20.6/node_modules/vite/dist/node/chunks/dep-Chhhsdoe.js:29757:32
[2026-08-25T21:57:48.266Z] at async Promise.all (index 4)
[2026-08-25T21:57:48.266Z] at async TransformPluginContext.transform (file:///home/ubuntu/asternal-engine-manus/node_modules/.pnpm/vite@7.1.9_@types+node@24.7.0_jiti@2.6.1_lightningcss@1.30.1_tsx@4.20.6/node_modules/vite/dist/node/chunks/dep-Chhhsdoe.js:29725:4)
[2026-08-25T21:57:48.266Z] at async EnvironmentPluginContainer.transform (file:///home/ubuntu/asternal-engine-manus/node_modules/.pnpm/vite@7.1.9_@types+node@24.7.0_jiti@2.6.1_lightningcss@1.30.1_tsx@4.20.6/node_modules/vite/dist/node/chunks/dep-Chhhsdoe.js:31018:14)
[2026-08-25T21:57:48.266Z] at async loadAndTransform (file:///home/ubuntu/asternal-engine-manus/node_modules/.pnpm/vite@7.1.9_@types+node@24.7.0_jiti@2.6.1_lightningcss@1.30.1_tsx@4.20.6/node_modules/vite/dist/node/chunks/dep-Chhhsdoe.js:26143:26)
[2026-08-25T21:57:48.266Z] 9:57:48 PM [vite] (client) Pre-transform error: Failed to resolve import "@tanstack/react-router" from "src/main.tsx". Does the file exist?
[2026-08-25T21:57:48.266Z] Plugin: vite:import-analysis
[2026-08-25T21:57:48.266Z] File: /home/ubuntu/asternal-engine-manus/src/main.tsx:4:31
[2026-08-25T21:57:48.266Z] 3  |  import React, { StrictMode } from "react";
[2026-08-25T21:57:48.266Z] 4  |  import { createRoot } from "react-dom/client";
[2026-08-25T21:57:48.266Z] 5  |  import { RouterProvider } from "@tanstack/react-router";
[2026-08-25T21:57:48.266Z] |                                  ^
[2026-08-25T21:57:48.266Z] 6  |  import { getRouter } from "./router";
[2026-08-25T21:57:48.266Z] 7  |  import "./styles.css";
[2026-08-25T21:57:48.307Z] 9:57:48 PM [vite] (client) Pre-transform error: Failed to resolve import "@tanstack/react-router" from "src/router.tsx". Does the file exist?
[2026-08-25T21:57:48.307Z] Plugin: vite:import-analysis
[2026-08-25T21:57:48.307Z] File: /home/ubuntu/asternal-engine-manus/src/router.tsx:2:29
[2026-08-25T21:57:48.307Z] 1  |  import { QueryClient } from "@tanstack/react-query";
[2026-08-25T21:57:48.307Z] 2  |  import { createRouter } from "@tanstack/react-router";
[2026-08-25T21:57:48.307Z] |                                ^
[2026-08-25T21:57:48.307Z] 3  |  import { routeTree } from "./routeTree.gen";
[2026-08-25T21:57:48.307Z] 4  |  export const getRouter = () => {
[2026-08-25T21:57:48.739Z] 9:57:48 PM [vite] (client) Pre-transform error: Failed to resolve import "@tanstack/react-router" from "src/main.tsx". Does the file exist?
[2026-08-25T21:57:48.739Z] Plugin: vite:import-analysis
[2026-08-25T21:57:48.739Z] File: /home/ubuntu/asternal-engine-manus/src/main.tsx:4:31
[2026-08-25T21:57:48.739Z] 3  |  import React, { StrictMode } from "react";
[2026-08-25T21:57:48.739Z] 4  |  import { createRoot } from "react-dom/client";
[2026-08-25T21:57:48.739Z] 5  |  import { RouterProvider } from "@tanstack/react-router";
[2026-08-25T21:57:48.739Z] |                                  ^
[2026-08-25T21:57:48.739Z] 6  |  import { getRouter } from "./router";
[2026-08-25T21:57:48.739Z] 7  |  import "./styles.css";
[2026-08-25T21:57:48.748Z] 9:57:48 PM [vite] (client) Pre-transform error: Failed to resolve import "@tanstack/react-router" from "src/routes/about.tsx". Does the file exist?
[2026-08-25T21:57:48.748Z] Plugin: vite:import-analysis
[2026-08-25T21:57:48.748Z] File: /home/ubuntu/asternal-engine-manus/src/routes/about.tsx:2:38
[2026-08-25T21:57:48.748Z] 2  |  var _s = $RefreshSig$();
[2026-08-25T21:57:48.748Z] 3  |  import { useEffect, useState } from "react";
[2026-08-25T21:57:48.748Z] 4  |  import { createFileRoute, Link } from "@tanstack/react-router";
[2026-08-25T21:57:48.748Z] |                                         ^
[2026-08-25T21:57:48.748Z] 5  |  import { ArrowLeft, BookOpen, Check, Loader2, LockKeyhole, ShieldCheck, Sparkles } from "lucide-react";
[2026-08-25T21:57:48.748Z] 6  |  import { toast } from "sonner";
[2026-08-25T21:57:48.750Z] 9:57:48 PM [vite] (client) Pre-transform error: Failed to resolve import "@tanstack/react-router" from "src/routes/__root.tsx". Does the file exist?
[2026-08-25T21:57:48.750Z] Plugin: vite:import-analysis
[2026-08-25T21:57:48.750Z] File: /home/ubuntu/asternal-engine-manus/src/routes/__root.tsx:7:7
[2026-08-25T21:57:48.750Z] 7  |    createRootRouteWithContext,
[2026-08-25T21:57:48.750Z] 8  |    useRouter
[2026-08-25T21:57:48.750Z] 9  |  } from "@tanstack/react-router";
[2026-08-25T21:57:48.750Z] |          ^
[2026-08-25T21:57:48.750Z] 10 |  import { useEffect } from "react";
[2026-08-25T21:57:48.750Z] 11 |  import { reportLovableError } from "../lib/lovable-error-reporting";
[2026-08-25T21:57:48.755Z] 9:57:48 PM [vite] (client) Pre-transform error: Failed to resolve import "@tanstack/react-router" from "src/routes/orbes.tsx". Does the file exist?
[2026-08-25T21:57:48.755Z] Plugin: vite:import-analysis
[2026-08-25T21:57:48.755Z] File: /home/ubuntu/asternal-engine-manus/src/routes/orbes.tsx:1:51
[2026-08-25T21:57:48.755Z] 1  |  import { jsxDEV } from "react/jsx-dev-runtime";
[2026-08-25T21:57:48.755Z] 2  |  var _s = $RefreshSig$();
[2026-08-25T21:57:48.755Z] 3  |  import { createFileRoute, useNavigate, Link } from "@tanstack/react-router";
[2026-08-25T21:57:48.755Z] |                                                      ^
[2026-08-25T21:57:48.755Z] 4  |  import { useEffect, useState, useMemo } from "react";
[2026-08-25T21:57:48.755Z] 5  |  import { Sparkles, TrendingUp, TrendingDown, Gift, Gamepad2, Loader2, Wallet, BarChart3, ExternalLink } from "lucide-...
[2026-08-25T21:57:48.755Z] 9:57:48 PM [vite] (client) Pre-transform error: Failed to resolve import "@tanstack/react-router" from "src/routes/history.tsx". Does the file exist?
[2026-08-25T21:57:48.755Z] Plugin: vite:import-analysis
[2026-08-25T21:57:48.755Z] File: /home/ubuntu/asternal-engine-manus/src/routes/history.tsx:1:32
[2026-08-25T21:57:48.755Z] 1  |  import { jsxDEV } from "react/jsx-dev-runtime";
[2026-08-25T21:57:48.755Z] 2  |  import { createFileRoute } from "@tanstack/react-router";
[2026-08-25T21:57:48.755Z] |                                   ^
[2026-08-25T21:57:48.755Z] 3  |  import { BarChart3 } from "lucide-react";
[2026-08-25T21:57:48.755Z] 4  |  import { SubPageHeader } from "@/components/social/SubPageHeader";
[2026-08-25T21:57:48.756Z] 9:57:48 PM [vite] (client) Pre-transform error: Failed to resolve import "@tanstack/react-router" from "src/routes/editor.tsx". Does the file exist?
[2026-08-25T21:57:48.756Z] Plugin: vite:import-analysis
[2026-08-25T21:57:48.756Z] File: /home/ubuntu/asternal-engine-manus/src/routes/editor.tsx:1:32
[2026-08-25T21:57:48.756Z] 1  |  import { jsxDEV } from "react/jsx-dev-runtime";
[2026-08-25T21:57:48.756Z] 2  |  import { createFileRoute } from "@tanstack/react-router";
[2026-08-25T21:57:48.756Z] |                                   ^
[2026-08-25T21:57:48.756Z] 3  |  import { AsternalEditor } from "@/components/engine/AsternalEditor";
[2026-08-25T21:57:48.756Z] 4  |  export const Route = createFileRoute("/editor")({
[2026-08-25T21:57:48.756Z] 9:57:48 PM [vite] (client) Pre-transform error: Failed to resolve import "@tanstack/react-router" from "src/routes/profile.$userId.tsx". Does the file exist?
[2026-08-25T21:57:48.756Z] Plugin: vite:import-analysis
[2026-08-25T21:57:48.756Z] File: /home/ubuntu/asternal-engine-manus/src/routes/profile.$userId.tsx:1:56
[2026-08-25T21:57:48.756Z] 1  |  import { jsxDEV } from "react/jsx-dev-runtime";
[2026-08-25T21:57:48.756Z] 2  |  var _s = $RefreshSig$();
[2026-08-25T21:57:48.756Z] 3  |  import { createFileRoute, useNavigate, useParams } from "@tanstack/react-router";
[2026-08-25T21:57:48.756Z] |                                                           ^
[2026-08-25T21:57:48.756Z] 4  |  import { useEffect, useState } from "react";
[2026-08-25T21:57:48.756Z] 5  |  import { supabase } from "@/integrations/supabase/client";
[2026-08-25T21:57:48.759Z] 9:57:48 PM [vite] (client) Pre-transform error: Failed to resolve import "@tanstack/react-router" from "src/routes/auth.tsx". Does the file exist?
[2026-08-25T21:57:48.759Z] Plugin: vite:import-analysis
[2026-08-25T21:57:48.759Z] File: /home/ubuntu/asternal-engine-manus/src/routes/auth.tsx:1:62
[2026-08-25T21:57:48.759Z] 1  |  import { Fragment, jsxDEV } from "react/jsx-dev-runtime";
[2026-08-25T21:57:48.759Z] 2  |  var _s = $RefreshSig$(), _s2 = $RefreshSig$(), _s3 = $RefreshSig$();
[2026-08-25T21:57:48.759Z] 3  |  import { createFileRoute, useNavigate, useSearch, Link } from "@tanstack/react-router";
[2026-08-25T21:57:48.759Z] |                                                                 ^
[2026-08-25T21:57:48.759Z] 4  |  import { useEffect, useState, useRef } from "react";
[2026-08-25T21:57:48.759Z] 5  |  import { supabase, clearSupabaseCredentials } from "@/integrations/supabase/client";
[2026-08-25T21:57:48.765Z] 9:57:48 PM [vite] (client) Pre-transform error: Failed to resolve import "@tanstack/react-router" from "src/routes/plus.tsx". Does the file exist?
[2026-08-25T21:57:48.765Z] Plugin: vite:import-analysis
[2026-08-25T21:57:48.765Z] File: /home/ubuntu/asternal-engine-manus/src/routes/plus.tsx:1:51
[2026-08-25T21:57:48.765Z] 1  |  import { Fragment, jsxDEV } from "react/jsx-dev-runtime";
[2026-08-25T21:57:48.765Z] 2  |  var _s = $RefreshSig$();
[2026-08-25T21:57:48.765Z] 3  |  import { createFileRoute, useNavigate, Link } from "@tanstack/react-router";
[2026-08-25T21:57:48.765Z] |                                                      ^
[2026-08-25T21:57:48.765Z] 4  |  import { useEffect, useState } from "react";
[2026-08-25T21:57:48.765Z] 5  |  import {
[2026-08-25T21:57:48.765Z] 9:57:48 PM [vite] (client) Pre-transform error: Failed to resolve import "@tanstack/react-router" from "src/routes/feed.tsx". Does the file exist?
[2026-08-25T21:57:48.765Z] Plugin: vite:import-analysis
[2026-08-25T21:57:48.765Z] File: /home/ubuntu/asternal-engine-manus/src/routes/feed.tsx:1:51
[2026-08-25T21:57:48.765Z] 1  |  import { Fragment, jsxDEV } from "react/jsx-dev-runtime";
[2026-08-25T21:57:48.765Z] 2  |  var _s = $RefreshSig$();
[2026-08-25T21:57:48.765Z] 3  |  import { createFileRoute, useNavigate, Link } from "@tanstack/react-router";
[2026-08-25T21:57:48.765Z] |                                                      ^
[2026-08-25T21:57:48.765Z] 4  |  import { useEffect, useState, useCallback } from "react";
[2026-08-25T21:57:48.765Z] 5  |  import { motion, AnimatePresence } from "framer-motion";
[2026-08-25T21:57:48.765Z] 9:57:48 PM [vite] (client) Pre-transform error: Failed to resolve import "@tanstack/react-router" from "src/routes/paint.tsx". Does the file exist?
[2026-08-25T21:57:48.765Z] Plugin: vite:import-analysis
[2026-08-25T21:57:48.765Z] File: /home/ubuntu/asternal-engine-manus/src/routes/paint.tsx:2:32
[2026-08-25T21:57:48.765Z] 2  |  var _s = $RefreshSig$();
[2026-08-25T21:57:48.765Z] 3  |  import { useEffect } from "react";
[2026-08-25T21:57:48.765Z] 4  |  import { createFileRoute } from "@tanstack/react-router";
[2026-08-25T21:57:48.765Z] |                                   ^
[2026-08-25T21:57:48.765Z] 5  |  import { PaintEditor } from "@/components/engine/PaintEditor";
[2026-08-25T21:57:48.765Z] 6  |  export const Route = createFileRoute("/paint")({
[2026-08-25T21:57:48.768Z] 9:57:48 PM [vite] (client) Pre-transform error: Failed to resolve import "@tanstack/react-router" from "src/routes/reset-password.tsx". Does the file exist?
[2026-08-25T21:57:48.769Z] Plugin: vite:import-analysis
[2026-08-25T21:57:48.769Z] File: /home/ubuntu/asternal-engine-manus/src/routes/reset-password.tsx:1:51
[2026-08-25T21:57:48.769Z] 1  |  import { jsxDEV } from "react/jsx-dev-runtime";
[2026-08-25T21:57:48.769Z] 2  |  var _s = $RefreshSig$();
[2026-08-25T21:57:48.769Z] 3  |  import { createFileRoute, useNavigate, Link } from "@tanstack/react-router";
[2026-08-25T21:57:48.769Z] |                                                      ^
[2026-08-25T21:57:48.769Z] 4  |  import { useEffect, useState } from "react";
[2026-08-25T21:57:48.769Z] 5  |  import { supabase } from "@/integrations/supabase/client";
[2026-08-25T21:57:48.769Z] 9:57:48 PM [vite] (client) Pre-transform error: Failed to resolve import "@tanstack/react-router" from "src/routes/profile.tsx". Does the file exist?
[2026-08-25T21:57:48.769Z] Plugin: vite:import-analysis
[2026-08-25T21:57:48.769Z] File: /home/ubuntu/asternal-engine-manus/src/routes/profile.tsx:1:69
[2026-08-25T21:57:48.769Z] 1  |  import { jsxDEV } from "react/jsx-dev-runtime";
[2026-08-25T21:57:48.769Z] 2  |  var _s = $RefreshSig$();
[2026-08-25T21:57:48.769Z] 3  |  import { createFileRoute, useNavigate, Outlet, useMatch } from "@tanstack/react-router";
[2026-08-25T21:57:48.769Z] |                                                                  ^
[2026-08-25T21:57:48.769Z] 4  |  import { useEffect, useState } from "react";
[2026-08-25T21:57:48.769Z] 5  |  import { Sparkles } from "lucide-react";
[2026-08-25T21:57:48.771Z] 9:57:48 PM [vite] (client) Pre-transform error: Failed to resolve import "@tanstack/react-router" from "src/routes/admin.tsx". Does the file exist?
[2026-08-25T21:57:48.771Z] Plugin: vite:import-analysis
[2026-08-25T21:57:48.771Z] File: /home/ubuntu/asternal-engine-manus/src/routes/admin.tsx:1:51
[2026-08-25T21:57:48.771Z] 1  |  import { Fragment, jsxDEV } from "react/jsx-dev-runtime";
[2026-08-25T21:57:48.771Z] 2  |  var _s = $RefreshSig$();
[2026-08-25T21:57:48.771Z] 3  |  import { createFileRoute, useNavigate, Link } from "@tanstack/react-router";
[2026-08-25T21:57:48.771Z] |                                                      ^
[2026-08-25T21:57:48.771Z] 4  |  import { Avatar } from "@/components/social/Avatar";
[2026-08-25T21:57:48.771Z] 5  |  import { useEffect, useState } from "react";
[2026-08-25T21:57:48.774Z] 9:57:48 PM [vite] (client) Pre-transform error: Failed to resolve import "@tanstack/react-router" from "src/routes/index.tsx". Does the file exist?
[2026-08-25T21:57:48.774Z] Plugin: vite:import-analysis
[2026-08-25T21:57:48.774Z] File: /home/ubuntu/asternal-engine-manus/src/routes/index.tsx:1:51
[2026-08-25T21:57:48.774Z] 1  |  import { jsxDEV } from "react/jsx-dev-runtime";
[2026-08-25T21:57:48.774Z] 2  |  var _s = $RefreshSig$();
[2026-08-25T21:57:48.774Z] 3  |  import { createFileRoute, useNavigate, Link } from "@tanstack/react-router";
[2026-08-25T21:57:48.774Z] |                                                      ^
[2026-08-25T21:57:48.774Z] 4  |  import { Avatar } from "@/components/social/Avatar";
[2026-08-25T21:57:48.774Z] 5  |  import { Component, useEffect, useState, useCallback, useRef } from "react";
[2026-08-25T21:57:48.774Z] 9:57:48 PM [vite] (client) Pre-transform error: Failed to resolve import "@tanstack/react-router" from "src/routes/search.tsx". Does the file exist?
[2026-08-25T21:57:48.774Z] Plugin: vite:import-analysis
[2026-08-25T21:57:48.774Z] File: /home/ubuntu/asternal-engine-manus/src/routes/search.tsx:1:32
[2026-08-25T21:57:48.774Z] 1  |  import { jsxDEV } from "react/jsx-dev-runtime";
[2026-08-25T21:57:48.774Z] 2  |  import { createFileRoute } from "@tanstack/react-router";
[2026-08-25T21:57:48.774Z] |                                   ^
[2026-08-25T21:57:48.774Z] 3  |  import { Search } from "lucide-react";
[2026-08-25T21:57:48.774Z] 4  |  import { SubPageHeader } from "@/components/social/SubPageHeader";
[2026-08-25T21:57:48.779Z] 9:57:48 PM [vite] (client) Pre-transform error: Failed to resolve import "@tanstack/react-router" from "src/router.tsx". Does the file exist?
[2026-08-25T21:57:48.779Z] Plugin: vite:import-analysis
[2026-08-25T21:57:48.779Z] File: /home/ubuntu/asternal-engine-manus/src/router.tsx:2:29
[2026-08-25T21:57:48.779Z] 1  |  import { QueryClient } from "@tanstack/react-query";
[2026-08-25T21:57:48.779Z] 2  |  import { createRouter } from "@tanstack/react-router";
[2026-08-25T21:57:48.779Z] |                                ^
[2026-08-25T21:57:48.779Z] 3  |  import { routeTree } from "./routeTree.gen";
[2026-08-25T21:57:48.779Z] 4  |  export const getRouter = () => {
[2026-08-25T21:57:49.346Z] 9:57:49 PM [vite] (client) Pre-transform error: Failed to resolve import "@tanstack/react-router" from "src/components/social/SubPageHeader.tsx". Does the file exist?
[2026-08-25T21:57:49.346Z] Plugin: vite:import-analysis
[2026-08-25T21:57:49.346Z] File: /home/ubuntu/asternal-engine-manus/src/components/social/SubPageHeader.tsx:1:21
[2026-08-25T21:57:49.346Z] 1  |  import { jsxDEV } from "react/jsx-dev-runtime";
[2026-08-25T21:57:49.346Z] 2  |  import { Link } from "@tanstack/react-router";
[2026-08-25T21:57:49.346Z] |                        ^
[2026-08-25T21:57:49.346Z] 3  |  import { ArrowLeft } from "lucide-react";
[2026-08-25T21:57:49.346Z] 4  |  export function SubPageHeader({
[2026-08-25T21:57:49.346Z] 9:57:49 PM [vite] (client) Pre-transform error: Failed to resolve import "@tanstack/react-router" from "src/components/social/SubPageHeader.tsx". Does the file exist?
[2026-08-25T21:57:49.346Z] Plugin: vite:import-analysis
[2026-08-25T21:57:49.346Z] File: /home/ubuntu/asternal-engine-manus/src/components/social/SubPageHeader.tsx:1:21
[2026-08-25T21:57:49.346Z] 1  |  import { jsxDEV } from "react/jsx-dev-runtime";
[2026-08-25T21:57:49.346Z] 2  |  import { Link } from "@tanstack/react-router";
[2026-08-25T21:57:49.346Z] |                        ^
[2026-08-25T21:57:49.346Z] 3  |  import { ArrowLeft } from "lucide-react";
[2026-08-25T21:57:49.346Z] 4  |  export function SubPageHeader({
[2026-08-25T21:57:49.346Z] 9:57:49 PM [vite] (client) Pre-transform error: Failed to resolve import "@tanstack/react-router" from "src/components/social/SubPageHeader.tsx". Does the file exist?
[2026-08-25T21:57:49.346Z] Plugin: vite:import-analysis
[2026-08-25T21:57:49.346Z] File: /home/ubuntu/asternal-engine-manus/src/components/social/SubPageHeader.tsx:1:21
[2026-08-25T21:57:49.346Z] 1  |  import { jsxDEV } from "react/jsx-dev-runtime";
[2026-08-25T21:57:49.346Z] 2  |  import { Link } from "@tanstack/react-router";
[2026-08-25T21:57:49.346Z] |                        ^
[2026-08-25T21:57:49.346Z] 3  |  import { ArrowLeft } from "lucide-react";
[2026-08-25T21:57:49.346Z] 4  |  export function SubPageHeader({
[2026-08-25T21:57:49.346Z] 9:57:49 PM [vite] (client) Pre-transform error: Failed to resolve import "@tanstack/react-router" from "src/components/social/SubPageHeader.tsx". Does the file exist?
[2026-08-25T21:57:49.346Z] Plugin: vite:import-analysis
[2026-08-25T21:57:49.346Z] File: /home/ubuntu/asternal-engine-manus/src/components/social/SubPageHeader.tsx:1:21
[2026-08-25T21:57:49.346Z] 1  |  import { jsxDEV } from "react/jsx-dev-runtime";
[2026-08-25T21:57:49.346Z] 2  |  import { Link } from "@tanstack/react-router";
[2026-08-25T21:57:49.346Z] |                        ^
[2026-08-25T21:57:49.346Z] 3  |  import { ArrowLeft } from "lucide-react";
[2026-08-25T21:57:49.346Z] 4  |  export function SubPageHeader({
[2026-08-25T21:57:49.346Z] 9:57:49 PM [vite] (client) Pre-transform error: Failed to resolve import "@tanstack/react-router" from "src/components/social/SubPageHeader.tsx". Does the file exist?
[2026-08-25T21:57:49.346Z] Plugin: vite:import-analysis
[2026-08-25T21:57:49.346Z] File: /home/ubuntu/asternal-engine-manus/src/components/social/SubPageHeader.tsx:1:21
[2026-08-25T21:57:49.346Z] 1  |  import { jsxDEV } from "react/jsx-dev-runtime";
[2026-08-25T21:57:49.346Z] 2  |  import { Link } from "@tanstack/react-router";
[2026-08-25T21:57:49.346Z] |                        ^
[2026-08-25T21:57:49.346Z] 3  |  import { ArrowLeft } from "lucide-react";
[2026-08-25T21:57:49.346Z] 4  |  export function SubPageHeader({
[2026-08-25T21:57:49.346Z] 9:57:49 PM [vite] (client) Pre-transform error: Failed to resolve import "@tanstack/react-router" from "src/components/social/SubPageHeader.tsx". Does the file exist?
[2026-08-25T21:57:49.346Z] Plugin: vite:import-analysis
[2026-08-25T21:57:49.346Z] File: /home/ubuntu/asternal-engine-manus/src/components/social/SubPageHeader.tsx:1:21
[2026-08-25T21:57:49.346Z] 1  |  import { jsxDEV } from "react/jsx-dev-runtime";
[2026-08-25T21:57:49.346Z] 2  |  import { Link } from "@tanstack/react-router";
[2026-08-25T21:57:49.346Z] |                        ^
[2026-08-25T21:57:49.346Z] 3  |  import { ArrowLeft } from "lucide-react";
[2026-08-25T21:57:49.346Z] 4  |  export function SubPageHeader({
[2026-08-25T21:57:49.384Z] 9:57:49 PM [vite] (client) Pre-transform error: Failed to resolve import "@tanstack/react-router" from "src/components/social/PostCard.tsx". Does the file exist?
[2026-08-25T21:57:49.384Z] Plugin: vite:import-analysis
[2026-08-25T21:57:49.384Z] File: /home/ubuntu/asternal-engine-manus/src/components/social/PostCard.tsx:4:21
[2026-08-25T21:57:49.384Z] 4  |  import { toast } from "sonner";
[2026-08-25T21:57:49.384Z] 5  |  import { Avatar } from "./Avatar";
[2026-08-25T21:57:49.384Z] 6  |  import { Link } from "@tanstack/react-router";
[2026-08-25T21:57:49.384Z] |                        ^
[2026-08-25T21:57:49.384Z] 7  |  import { motion } from "framer-motion";
[2026-08-25T21:57:49.384Z] 8  |  import { toggleReaction, toggleRepost, deletePost, updatePost, reportContent, votePoll, isPlusActive } from "@/lib/so...
[2026-08-25T21:57:49.384Z] 9:57:49 PM [vite] (client) Pre-transform error: Failed to resolve import "@tanstack/react-router" from "src/components/social/PostCard.tsx". Does the file exist?
[2026-08-25T21:57:49.384Z] Plugin: vite:import-analysis
[2026-08-25T21:57:49.384Z] File: /home/ubuntu/asternal-engine-manus/src/components/social/PostCard.tsx:4:21
[2026-08-25T21:57:49.384Z] 4  |  import { toast } from "sonner";
[2026-08-25T21:57:49.384Z] 5  |  import { Avatar } from "./Avatar";
[2026-08-25T21:57:49.384Z] 6  |  import { Link } from "@tanstack/react-router";
[2026-08-25T21:57:49.384Z] |                        ^
[2026-08-25T21:57:49.384Z] 7  |  import { motion } from "framer-motion";
[2026-08-25T21:57:49.384Z] 8  |  import { toggleReaction, toggleRepost, deletePost, updatePost, reportContent, votePoll, isPlusActive } from "@/lib/so...
[2026-08-25T21:57:49.391Z] 9:57:49 PM [vite] (client) Pre-transform error: Failed to resolve import "@tanstack/react-router" from "src/components/social/HistorySection.tsx". Does the file exist?
[2026-08-25T21:57:49.391Z] Plugin: vite:import-analysis
[2026-08-25T21:57:49.391Z] File: /home/ubuntu/asternal-engine-manus/src/components/social/HistorySection.tsx:5:21
[2026-08-25T21:57:49.391Z] 5  |  import { motion, AnimatePresence } from "framer-motion";
[2026-08-25T21:57:49.391Z] 6  |  import { Heart, Gamepad2, Clock, BarChart3, Loader2, Flame, CalendarDays, TrendingUp } from "lucide-react";
[2026-08-25T21:57:49.391Z] 7  |  import { Link } from "@tanstack/react-router";
[2026-08-25T21:57:49.391Z] |                        ^
[2026-08-25T21:57:49.391Z] 8  |  import { fetchGames } from "@/lib/social/api";
[2026-08-25T21:57:49.391Z] 9  |  import {
[2026-08-25T21:57:49.402Z] 9:57:49 PM [vite] (client) Pre-transform error: Failed to resolve import "@tanstack/react-router" from "src/components/social/ProfilePanel.tsx". Does the file exist?
[2026-08-25T21:57:49.403Z] Plugin: vite:import-analysis
[2026-08-25T21:57:49.403Z] File: /home/ubuntu/asternal-engine-manus/src/components/social/ProfilePanel.tsx:4:34
[2026-08-25T21:57:49.403Z] 4  |  import { createPortal } from "react-dom";
[2026-08-25T21:57:49.403Z] 5  |  import { AnimatePresence, motion } from "framer-motion";
[2026-08-25T21:57:49.403Z] 6  |  import { Link, useNavigate } from "@tanstack/react-router";
[2026-08-25T21:57:49.403Z] |                                     ^
[2026-08-25T21:57:49.403Z] 7  |  import {
[2026-08-25T21:57:49.403Z] 8  |    Loader2,
[2026-08-25T21:57:49.403Z] 9:57:49 PM [vite] (client) Pre-transform error: Failed to resolve import "@tanstack/react-router" from "src/components/social/ProfilePanel.tsx". Does the file exist?
[2026-08-25T21:57:49.403Z] Plugin: vite:import-analysis
[2026-08-25T21:57:49.403Z] File: /home/ubuntu/asternal-engine-manus/src/components/social/ProfilePanel.tsx:4:34
[2026-08-25T21:57:49.403Z] 4  |  import { createPortal } from "react-dom";
[2026-08-25T21:57:49.403Z] 5  |  import { AnimatePresence, motion } from "framer-motion";
[2026-08-25T21:57:49.403Z] 6  |  import { Link, useNavigate } from "@tanstack/react-router";
[2026-08-25T21:57:49.403Z] |                                     ^
[2026-08-25T21:57:49.403Z] 7  |  import {
[2026-08-25T21:57:49.403Z] 8  |    Loader2,
[2026-08-25T21:57:49.403Z] 9:57:49 PM [vite] (client) Pre-transform error: Failed to resolve import "@tanstack/react-router" from "src/components/social/ProfilePanel.tsx". Does the file exist?
[2026-08-25T21:57:49.403Z] Plugin: vite:import-analysis
[2026-08-25T21:57:49.403Z] File: /home/ubuntu/asternal-engine-manus/src/components/social/ProfilePanel.tsx:4:34
[2026-08-25T21:57:49.403Z] 4  |  import { createPortal } from "react-dom";
[2026-08-25T21:57:49.403Z] 5  |  import { AnimatePresence, motion } from "framer-motion";
[2026-08-25T21:57:49.403Z] 6  |  import { Link, useNavigate } from "@tanstack/react-router";
[2026-08-25T21:57:49.403Z] |                                     ^
[2026-08-25T21:57:49.403Z] 7  |  import {
[2026-08-25T21:57:49.403Z] 8  |    Loader2,
[2026-08-25T21:57:49.414Z] 9:57:49 PM [vite] (client) Pre-transform error: Failed to resolve import "@tanstack/react-router" from "src/components/social/NotificationsPanel.tsx". Does the file exist?
[2026-08-25T21:57:49.414Z] Plugin: vite:import-analysis
[2026-08-25T21:57:49.414Z] File: /home/ubuntu/asternal-engine-manus/src/components/social/NotificationsPanel.tsx:3:21
[2026-08-25T21:57:49.414Z] 3  |  import { useEffect, useMemo, useState } from "react";
[2026-08-25T21:57:49.414Z] 4  |  import { Avatar } from "./Avatar";
[2026-08-25T21:57:49.414Z] 5  |  import { Link } from "@tanstack/react-router";
[2026-08-25T21:57:49.414Z] |                        ^
[2026-08-25T21:57:49.414Z] 6  |  import {
[2026-08-25T21:57:49.414Z] 7  |    Bell,
[2026-08-25T21:57:49.414Z] 9:57:49 PM [vite] (client) Pre-transform error: Failed to resolve import "@tanstack/react-router" from "src/components/engine/AsternalEditor.tsx". Does the file exist?
[2026-08-25T21:57:49.414Z] Plugin: vite:import-analysis
[2026-08-25T21:57:49.414Z] File: /home/ubuntu/asternal-engine-manus/src/components/engine/AsternalEditor.tsx:6:21
[2026-08-25T21:57:49.414Z] 5  |  import { schedulePushToCloud, scheduleAssetLibraryPush, pullAssetLibraryFromCloud, activateCloudProjectIfBlank } from...
[2026-08-25T21:57:49.414Z] 6  |  import { supabase } from "@/integrations/supabase/client";
[2026-08-25T21:57:49.414Z] 7  |  import { Link } from "@tanstack/react-router";
[2026-08-25T21:57:49.414Z] |                        ^
[2026-08-25T21:57:49.414Z] 8  |  import { PublishGameDialog } from "./PublishGameDialog";
[2026-08-25T21:57:49.414Z] 9  |  import { newScene, uid, ensureSceneLayers, DEFAULT_LAYER_ID } from "@/lib/engine/core";
[2026-08-25T21:57:49.414Z] 9:57:49 PM [vite] (client) Pre-transform error: Failed to resolve import "@tanstack/react-router" from "src/components/social/NotificationsPanel.tsx". Does the file exist?
[2026-08-25T21:57:49.414Z] Plugin: vite:import-analysis
[2026-08-25T21:57:49.414Z] File: /home/ubuntu/asternal-engine-manus/src/components/social/NotificationsPanel.tsx:3:21
[2026-08-25T21:57:49.414Z] 3  |  import { useEffect, useMemo, useState } from "react";
[2026-08-25T21:57:49.414Z] 4  |  import { Avatar } from "./Avatar";
[2026-08-25T21:57:49.414Z] 5  |  import { Link } from "@tanstack/react-router";
[2026-08-25T21:57:49.414Z] |                        ^
[2026-08-25T21:57:49.414Z] 6  |  import {
[2026-08-25T21:57:49.414Z] 7  |    Bell,
[2026-08-25T21:57:49.416Z] 9:57:49 PM [vite] (client) Pre-transform error: Failed to resolve import "@tanstack/react-router" from "src/components/social/GamesHome.tsx". Does the file exist?
[2026-08-25T21:57:49.416Z] Plugin: vite:import-analysis
[2026-08-25T21:57:49.416Z] File: /home/ubuntu/asternal-engine-manus/src/components/social/GamesHome.tsx:2:21
[2026-08-25T21:57:49.416Z] 2  |  var _s = $RefreshSig$();
[2026-08-25T21:57:49.416Z] 3  |  import { useEffect, useMemo, useState } from "react";
[2026-08-25T21:57:49.416Z] 4  |  import { Link } from "@tanstack/react-router";
[2026-08-25T21:57:49.416Z] |                        ^
[2026-08-25T21:57:49.416Z] 5  |  import { Play, Flame, Rocket, Heart, Sparkles as SparklesIcon, Sparkles, Users, Gamepad2, Trophy, Crown, CloudOff, Lo...
[2026-08-25T21:57:49.416Z] 6  |  import { fetchGamePlayCounts24h } from "@/lib/social/api";
[2026-08-25T21:57:49.457Z] 9:57:49 PM [vite] (client) Pre-transform error: Failed to resolve import "@tanstack/react-router" from "src/components/social/StoreSection.tsx". Does the file exist?
[2026-08-25T21:57:49.457Z] Plugin: vite:import-analysis
[2026-08-25T21:57:49.457Z] File: /home/ubuntu/asternal-engine-manus/src/components/social/StoreSection.tsx:11:21
[2026-08-25T21:57:49.457Z] 24 |    ZoomIn
[2026-08-25T21:57:49.457Z] 25 |  } from "lucide-react";
[2026-08-25T21:57:49.457Z] 26 |  import { Link } from "@tanstack/react-router";
[2026-08-25T21:57:49.457Z] |                        ^
[2026-08-25T21:57:49.457Z] 27 |  import {
[2026-08-25T21:57:49.457Z] 28 |    fetchArtworks,
[2026-08-25T21:57:49.522Z] 9:57:49 PM [vite] (client) Pre-transform error: Failed to resolve import "@tanstack/react-router" from "src/components/social/ChatSection.tsx". Does the file exist?
[2026-08-25T21:57:49.522Z] Plugin: vite:import-analysis
[2026-08-25T21:57:49.522Z] File: /home/ubuntu/asternal-engine-manus/src/components/social/ChatSection.tsx:5:21
[2026-08-25T21:57:49.522Z] 4  |  import { motion, AnimatePresence } from "framer-motion";
[2026-08-25T21:57:49.522Z] 5  |  import { X, Send, Copy, Check, Reply, SmilePlus, ImagePlus, Image as ImageIcon, Film, Loader2, Users, Users2, Setting...
[2026-08-25T21:57:49.522Z] 6  |  import { Link } from "@tanstack/react-router";
[2026-08-25T21:57:49.522Z] |                        ^
[2026-08-25T21:57:49.522Z] 7  |  import { toast } from "sonner";
[2026-08-25T21:57:49.522Z] 8  |  import {
[2026-08-25T21:57:49.524Z] 9:57:49 PM [vite] (client) Pre-transform error: Failed to resolve import "@supabase/supabase-js" from "src/integrations/supabase/client.ts". Does the file exist?
[2026-08-25T21:57:49.524Z] Plugin: vite:import-analysis
[2026-08-25T21:57:49.524Z] File: /home/ubuntu/asternal-engine-manus/src/integrations/supabase/client.ts:9:29
[2026-08-25T21:57:49.524Z] 1  |  import { createClient } from "@supabase/supabase-js";
[2026-08-25T21:57:49.524Z] |                                ^
[2026-08-25T21:57:49.524Z] 2  |  function uid() {
[2026-08-25T21:57:49.524Z] 3  |    return crypto.randomUUID();
[2026-08-25T21:57:49.524Z] 9:57:49 PM [vite] (client) Pre-transform error: Failed to resolve import "@supabase/supabase-js" from "src/integrations/supabase/client.ts". Does the file exist?
[2026-08-25T21:57:49.524Z] Plugin: vite:import-analysis
[2026-08-25T21:57:49.524Z] File: /home/ubuntu/asternal-engine-manus/src/integrations/supabase/client.ts:9:29
[2026-08-25T21:57:49.524Z] 1  |  import { createClient } from "@supabase/supabase-js";
[2026-08-25T21:57:49.524Z] |                                ^
[2026-08-25T21:57:49.524Z] 2  |  function uid() {
[2026-08-25T21:57:49.524Z] 3  |    return crypto.randomUUID();
[2026-08-25T21:57:49.524Z] 9:57:49 PM [vite] (client) Pre-transform error: Failed to resolve import "@supabase/supabase-js" from "src/integrations/supabase/client.ts". Does the file exist?
[2026-08-25T21:57:49.524Z] Plugin: vite:import-analysis
[2026-08-25T21:57:49.524Z] File: /home/ubuntu/asternal-engine-manus/src/integrations/supabase/client.ts:9:29
[2026-08-25T21:57:49.524Z] 1  |  import { createClient } from "@supabase/supabase-js";
[2026-08-25T21:57:49.524Z] |                                ^
[2026-08-25T21:57:49.524Z] 2  |  function uid() {
[2026-08-25T21:57:49.524Z] 3  |    return crypto.randomUUID();
[2026-08-25T21:57:49.524Z] 9:57:49 PM [vite] (client) Pre-transform error: Failed to resolve import "@supabase/supabase-js" from "src/integrations/supabase/client.ts". Does the file exist?
[2026-08-25T21:57:49.524Z] Plugin: vite:import-analysis
[2026-08-25T21:57:49.524Z] File: /home/ubuntu/asternal-engine-manus/src/integrations/supabase/client.ts:9:29
[2026-08-25T21:57:49.524Z] 1  |  import { createClient } from "@supabase/supabase-js";
[2026-08-25T21:57:49.524Z] |                                ^
[2026-08-25T21:57:49.524Z] 2  |  function uid() {
[2026-08-25T21:57:49.524Z] 3  |    return crypto.randomUUID();
[2026-08-25T21:57:49.524Z] 9:57:49 PM [vite] (client) Pre-transform error: Failed to resolve import "@supabase/supabase-js" from "src/integrations/supabase/client.ts". Does the file exist?
[2026-08-25T21:57:49.524Z] Plugin: vite:import-analysis
[2026-08-25T21:57:49.524Z] File: /home/ubuntu/asternal-engine-manus/src/integrations/supabase/client.ts:9:29
[2026-08-25T21:57:49.524Z] 1  |  import { createClient } from "@supabase/supabase-js";
[2026-08-25T21:57:49.524Z] |                                ^
[2026-08-25T21:57:49.524Z] 2  |  function uid() {
[2026-08-25T21:57:49.524Z] 3  |    return crypto.randomUUID();
[2026-08-25T21:57:49.524Z] 9:57:49 PM [vite] (client) Pre-transform error: Failed to resolve import "@supabase/supabase-js" from "src/integrations/supabase/client.ts". Does the file exist?
[2026-08-25T21:57:49.524Z] Plugin: vite:import-analysis
[2026-08-25T21:57:49.524Z] File: /home/ubuntu/asternal-engine-manus/src/integrations/supabase/client.ts:9:29
[2026-08-25T21:57:49.524Z] 1  |  import { createClient } from "@supabase/supabase-js";
[2026-08-25T21:57:49.524Z] |                                ^
[2026-08-25T21:57:49.524Z] 2  |  function uid() {
[2026-08-25T21:57:49.524Z] 3  |    return crypto.randomUUID();
[2026-08-25T21:57:49.524Z] 9:57:49 PM [vite] (client) Pre-transform error: Failed to resolve import "@supabase/supabase-js" from "src/integrations/supabase/client.ts". Does the file exist?
[2026-08-25T21:57:49.524Z] Plugin: vite:import-analysis
[2026-08-25T21:57:49.524Z] File: /home/ubuntu/asternal-engine-manus/src/integrations/supabase/client.ts:9:29
[2026-08-25T21:57:49.524Z] 1  |  import { createClient } from "@supabase/supabase-js";
[2026-08-25T21:57:49.524Z] |                                ^
[2026-08-25T21:57:49.524Z] 2  |  function uid() {
[2026-08-25T21:57:49.524Z] 3  |    return crypto.randomUUID();
[2026-08-25T21:57:49.524Z] 9:57:49 PM [vite] (client) Pre-transform error: Failed to resolve import "@supabase/supabase-js" from "src/integrations/supabase/client.ts". Does the file exist?
[2026-08-25T21:57:49.524Z] Plugin: vite:import-analysis
[2026-08-25T21:57:49.524Z] File: /home/ubuntu/asternal-engine-manus/src/integrations/supabase/client.ts:9:29
[2026-08-25T21:57:49.524Z] 1  |  import { createClient } from "@supabase/supabase-js";
[2026-08-25T21:57:49.524Z] |                                ^
[2026-08-25T21:57:49.524Z] 2  |  function uid() {
[2026-08-25T21:57:49.524Z] 3  |    return crypto.randomUUID();
[2026-08-25T21:57:49.524Z] 9:57:49 PM [vite] (client) Pre-transform error: Failed to resolve import "@supabase/supabase-js" from "src/integrations/supabase/client.ts". Does the file exist?
[2026-08-25T21:57:49.524Z] Plugin: vite:import-analysis
[2026-08-25T21:57:49.524Z] File: /home/ubuntu/asternal-engine-manus/src/integrations/supabase/client.ts:9:29
[2026-08-25T21:57:49.524Z] 1  |  import { createClient } from "@supabase/supabase-js";
[2026-08-25T21:57:49.524Z] |                                ^
[2026-08-25T21:57:49.524Z] 2  |  function uid() {
[2026-08-25T21:57:49.524Z] 3  |    return crypto.randomUUID();
[2026-08-25T21:57:49.524Z] 9:57:49 PM [vite] (client) Pre-transform error: Failed to resolve import "@supabase/supabase-js" from "src/integrations/supabase/client.ts". Does the file exist?
[2026-08-25T21:57:49.524Z] Plugin: vite:import-analysis
[2026-08-25T21:57:49.524Z] File: /home/ubuntu/asternal-engine-manus/src/integrations/supabase/client.ts:9:29
[2026-08-25T21:57:49.524Z] 1  |  import { createClient } from "@supabase/supabase-js";
[2026-08-25T21:57:49.524Z] |                                ^
[2026-08-25T21:57:49.524Z] 2  |  function uid() {
[2026-08-25T21:57:49.524Z] 3  |    return crypto.randomUUID();
[2026-08-25T21:57:49.524Z] 9:57:49 PM [vite] (client) Pre-transform error: Failed to resolve import "@supabase/supabase-js" from "src/integrations/supabase/client.ts". Does the file exist?
[2026-08-25T21:57:49.524Z] Plugin: vite:import-analysis
[2026-08-25T21:57:49.524Z] File: /home/ubuntu/asternal-engine-manus/src/integrations/supabase/client.ts:9:29
[2026-08-25T21:57:49.524Z] 1  |  import { createClient } from "@supabase/supabase-js";
[2026-08-25T21:57:49.524Z] |                                ^
[2026-08-25T21:57:49.524Z] 2  |  function uid() {
[2026-08-25T21:57:49.524Z] 3  |    return crypto.randomUUID();
[2026-08-25T21:57:49.524Z] 9:57:49 PM [vite] (client) Pre-transform error: Failed to resolve import "@supabase/supabase-js" from "src/integrations/supabase/client.ts". Does the file exist?
[2026-08-25T21:57:49.524Z] Plugin: vite:import-analysis
[2026-08-25T21:57:49.524Z] File: /home/ubuntu/asternal-engine-manus/src/integrations/supabase/client.ts:9:29
[2026-08-25T21:57:49.524Z] 1  |  import { createClient } from "@supabase/supabase-js";
[2026-08-25T21:57:49.524Z] |                                ^
[2026-08-25T21:57:49.524Z] 2  |  function uid() {
[2026-08-25T21:57:49.524Z] 3  |    return crypto.randomUUID();
[2026-08-25T21:57:49.524Z] 9:57:49 PM [vite] (client) Pre-transform error: Failed to resolve import "@supabase/supabase-js" from "src/integrations/supabase/client.ts". Does the file exist?
[2026-08-25T21:57:49.524Z] Plugin: vite:import-analysis
[2026-08-25T21:57:49.524Z] File: /home/ubuntu/asternal-engine-manus/src/integrations/supabase/client.ts:9:29
[2026-08-25T21:57:49.524Z] 1  |  import { createClient } from "@supabase/supabase-js";
[2026-08-25T21:57:49.524Z] |                                ^
[2026-08-25T21:57:49.524Z] 2  |  function uid() {
[2026-08-25T21:57:49.524Z] 3  |    return crypto.randomUUID();
[2026-08-25T21:57:49.524Z] 9:57:49 PM [vite] (client) Pre-transform error: Failed to resolve import "@supabase/supabase-js" from "src/integrations/supabase/client.ts". Does the file exist?
[2026-08-25T21:57:49.524Z] Plugin: vite:import-analysis
[2026-08-25T21:57:49.524Z] File: /home/ubuntu/asternal-engine-manus/src/integrations/supabase/client.ts:9:29
[2026-08-25T21:57:49.524Z] 1  |  import { createClient } from "@supabase/supabase-js";
[2026-08-25T21:57:49.524Z] |                                ^
[2026-08-25T21:57:49.524Z] 2  |  function uid() {
[2026-08-25T21:57:49.524Z] 3  |    return crypto.randomUUID();
[2026-08-25T21:57:49.524Z] 9:57:49 PM [vite] (client) Pre-transform error: Failed to resolve import "@supabase/supabase-js" from "src/integrations/supabase/client.ts". Does the file exist?
[2026-08-25T21:57:49.524Z] Plugin: vite:import-analysis
[2026-08-25T21:57:49.524Z] File: /home/ubuntu/asternal-engine-manus/src/integrations/supabase/client.ts:9:29
[2026-08-25T21:57:49.524Z] 1  |  import { createClient } from "@supabase/supabase-js";
[2026-08-25T21:57:49.524Z] |                                ^
[2026-08-25T21:57:49.524Z] 2  |  function uid() {
[2026-08-25T21:57:49.524Z] 3  |    return crypto.randomUUID();
[2026-08-25T21:57:49.524Z] 9:57:49 PM [vite] (client) Pre-transform error: Failed to resolve import "@supabase/supabase-js" from "src/integrations/supabase/client.ts". Does the file exist?
[2026-08-25T21:57:49.524Z] Plugin: vite:import-analysis
[2026-08-25T21:57:49.524Z] File: /home/ubuntu/asternal-engine-manus/src/integrations/supabase/client.ts:9:29
[2026-08-25T21:57:49.524Z] 1  |  import { createClient } from "@supabase/supabase-js";
[2026-08-25T21:57:49.524Z] |                                ^
[2026-08-25T21:57:49.524Z] 2  |  function uid() {
[2026-08-25T21:57:49.524Z] 3  |    return crypto.randomUUID();
[2026-08-25T21:57:49.696Z] 9:57:49 PM [vite] (client) Pre-transform error: Failed to resolve import "@tanstack/react-router" from "src/components/social/SearchSection.tsx". Does the file exist?
[2026-08-25T21:57:49.696Z] Plugin: vite:import-analysis
[2026-08-25T21:57:49.696Z] File: /home/ubuntu/asternal-engine-manus/src/components/social/SearchSection.tsx:2:34
[2026-08-25T21:57:49.696Z] 2  |  var _s = $RefreshSig$();
[2026-08-25T21:57:49.696Z] 3  |  import { useCallback, useEffect, useRef, useState } from "react";
[2026-08-25T21:57:49.696Z] 4  |  import { Link, useNavigate } from "@tanstack/react-router";
[2026-08-25T21:57:49.696Z] |                                     ^
[2026-08-25T21:57:49.696Z] 5  |  import {
[2026-08-25T21:57:49.696Z] 6  |    Search,
[2026-08-25T21:57:49.709Z] 9:57:49 PM [vite] (client) Pre-transform error: Failed to resolve import "@tanstack/react-router" from "src/components/social/GameCard.tsx". Does the file exist?
[2026-08-25T21:57:49.709Z] Plugin: vite:import-analysis
[2026-08-25T21:57:49.709Z] File: /home/ubuntu/asternal-engine-manus/src/components/social/GameCard.tsx:4:34
[2026-08-25T21:57:49.709Z] 4  |  import { Avatar } from "./Avatar";
[2026-08-25T21:57:49.709Z] 5  |  import { Play, Heart, MessageCircle, Share2, GitFork, Loader2, Sparkles, Lock, X, CheckCircle2, AlertTriangle, Chevro...
[2026-08-25T21:57:49.709Z] 6  |  import { useNavigate, Link } from "@tanstack/react-router";
[2026-08-25T21:57:49.709Z] |                                     ^
[2026-08-25T21:57:49.709Z] 7  |  import { toggleReaction, loadGameProject, remixGame, purchaseGame, getMyOrbes, recordGamePlay } from "@/lib/social/api";
[2026-08-25T21:57:49.709Z] 8  |  import { coverFrameFromPreset, coverFrameStyle } from "@/lib/social/cover-frame";
[2026-08-25T21:57:49.709Z] 9:57:49 PM [vite] (client) Pre-transform error: Failed to resolve import "@tanstack/react-router" from "src/components/social/GameCard.tsx". Does the file exist?
[2026-08-25T21:57:49.709Z] Plugin: vite:import-analysis
[2026-08-25T21:57:49.709Z] File: /home/ubuntu/asternal-engine-manus/src/components/social/GameCard.tsx:4:34
[2026-08-25T21:57:49.709Z] 4  |  import { Avatar } from "./Avatar";
[2026-08-25T21:57:49.709Z] 5  |  import { Play, Heart, MessageCircle, Share2, GitFork, Loader2, Sparkles, Lock, X, CheckCircle2, AlertTriangle, Chevro...
[2026-08-25T21:57:49.709Z] 6  |  import { useNavigate, Link } from "@tanstack/react-router";
[2026-08-25T21:57:49.709Z] |                                     ^
[2026-08-25T21:57:49.709Z] 7  |  import { toggleReaction, loadGameProject, remixGame, purchaseGame, getMyOrbes, recordGamePlay } from "@/lib/social/api";
[2026-08-25T21:57:49.709Z] 8  |  import { coverFrameFromPreset, coverFrameStyle } from "@/lib/social/cover-frame";
[2026-08-25T21:57:49.709Z] 9:57:49 PM [vite] (client) Pre-transform error: Failed to resolve import "@tanstack/react-router" from "src/components/social/GameCard.tsx". Does the file exist?
[2026-08-25T21:57:49.709Z] Plugin: vite:import-analysis
[2026-08-25T21:57:49.709Z] File: /home/ubuntu/asternal-engine-manus/src/components/social/GameCard.tsx:4:34
[2026-08-25T21:57:49.709Z] 4  |  import { Avatar } from "./Avatar";
[2026-08-25T21:57:49.709Z] 5  |  import { Play, Heart, MessageCircle, Share2, GitFork, Loader2, Sparkles, Lock, X, CheckCircle2, AlertTriangle, Chevro...
[2026-08-25T21:57:49.709Z] 6  |  import { useNavigate, Link } from "@tanstack/react-router";
[2026-08-25T21:57:49.709Z] |                                     ^
[2026-08-25T21:57:49.709Z] 7  |  import { toggleReaction, loadGameProject, remixGame, purchaseGame, getMyOrbes, recordGamePlay } from "@/lib/social/api";
[2026-08-25T21:57:49.709Z] 8  |  import { coverFrameFromPreset, coverFrameStyle } from "@/lib/social/cover-frame";
[2026-08-25T21:57:49.711Z] 9:57:49 PM [vite] (client) Pre-transform error: Failed to resolve import "react-icons/fa" from "src/components/social/GameIcon.tsx". Does the file exist?
[2026-08-25T21:57:49.711Z] Plugin: vite:import-analysis
[2026-08-25T21:57:49.711Z] File: /home/ubuntu/asternal-engine-manus/src/components/social/GameIcon.tsx:3:26
[2026-08-25T21:57:49.711Z] 3  |  import { useEffect, useState } from "react";
[2026-08-25T21:57:49.711Z] 4  |  import { Sparkles, Lock } from "lucide-react";
[2026-08-25T21:57:49.711Z] 5  |  import { FaGamepad } from "react-icons/fa";
[2026-08-25T21:57:49.711Z] |                             ^
[2026-08-25T21:57:49.711Z] 6  |  import { coverFrameFromPreset, coverFrameStyle } from "@/lib/social/cover-frame";
[2026-08-25T21:57:49.711Z] 7  |  function extractTitle(content) {
[2026-08-25T21:57:49.711Z] 9:57:49 PM [vite] (client) Pre-transform error: Failed to resolve import "react-icons/fa" from "src/components/social/GameIcon.tsx". Does the file exist?
[2026-08-25T21:57:49.711Z] Plugin: vite:import-analysis
[2026-08-25T21:57:49.711Z] File: /home/ubuntu/asternal-engine-manus/src/components/social/GameIcon.tsx:3:26
[2026-08-25T21:57:49.711Z] 3  |  import { useEffect, useState } from "react";
[2026-08-25T21:57:49.711Z] 4  |  import { Sparkles, Lock } from "lucide-react";
[2026-08-25T21:57:49.711Z] 5  |  import { FaGamepad } from "react-icons/fa";
[2026-08-25T21:57:49.711Z] |                             ^
[2026-08-25T21:57:49.711Z] 6  |  import { coverFrameFromPreset, coverFrameStyle } from "@/lib/social/cover-frame";
[2026-08-25T21:57:49.711Z] 7  |  function extractTitle(content) {
[2026-08-25T21:57:49.711Z] 9:57:49 PM [vite] (client) Pre-transform error: Failed to resolve import "react-icons/fa" from "src/components/social/GameIcon.tsx". Does the file exist?
[2026-08-25T21:57:49.711Z] Plugin: vite:import-analysis
[2026-08-25T21:57:49.711Z] File: /home/ubuntu/asternal-engine-manus/src/components/social/GameIcon.tsx:3:26
[2026-08-25T21:57:49.711Z] 3  |  import { useEffect, useState } from "react";
[2026-08-25T21:57:49.711Z] 4  |  import { Sparkles, Lock } from "lucide-react";
[2026-08-25T21:57:49.711Z] 5  |  import { FaGamepad } from "react-icons/fa";
[2026-08-25T21:57:49.711Z] |                             ^
[2026-08-25T21:57:49.711Z] 6  |  import { coverFrameFromPreset, coverFrameStyle } from "@/lib/social/cover-frame";
[2026-08-25T21:57:49.711Z] 7  |  function extractTitle(content) {
[2026-08-25T21:57:49.711Z] 9:57:49 PM [vite] (client) Pre-transform error: Failed to resolve import "react-icons/fa" from "src/components/social/GameIcon.tsx". Does the file exist?
[2026-08-25T21:57:49.711Z] Plugin: vite:import-analysis
[2026-08-25T21:57:49.711Z] File: /home/ubuntu/asternal-engine-manus/src/components/social/GameIcon.tsx:3:26
[2026-08-25T21:57:49.711Z] 3  |  import { useEffect, useState } from "react";
[2026-08-25T21:57:49.711Z] 4  |  import { Sparkles, Lock } from "lucide-react";
[2026-08-25T21:57:49.711Z] 5  |  import { FaGamepad } from "react-icons/fa";
[2026-08-25T21:57:49.711Z] |                             ^
[2026-08-25T21:57:49.711Z] 6  |  import { coverFrameFromPreset, coverFrameStyle } from "@/lib/social/cover-frame";
[2026-08-25T21:57:49.711Z] 7  |  function extractTitle(content) {
[2026-08-25T21:57:49.715Z] 9:57:49 PM [vite] (client) Pre-transform error: Failed to resolve import "@tanstack/react-router" from "src/components/social/PostCard.tsx". Does the file exist?
[2026-08-25T21:57:49.715Z] Plugin: vite:import-analysis
[2026-08-25T21:57:49.715Z] File: /home/ubuntu/asternal-engine-manus/src/components/social/PostCard.tsx:4:21
[2026-08-25T21:57:49.715Z] 4  |  import { toast } from "sonner";
[2026-08-25T21:57:49.715Z] 5  |  import { Avatar } from "./Avatar";
[2026-08-25T21:57:49.715Z] 6  |  import { Link } from "@tanstack/react-router";
[2026-08-25T21:57:49.715Z] |                        ^
[2026-08-25T21:57:49.715Z] 7  |  import { motion } from "framer-motion";
[2026-08-25T21:57:49.715Z] 8  |  import { toggleReaction, toggleRepost, deletePost, updatePost, reportContent, votePoll, isPlusActive } from "@/lib/so...
[2026-08-25T21:57:49.723Z] 9:57:49 PM [vite] (client) Pre-transform error: Failed to resolve import "@tanstack/react-router" from "src/components/engine/PublishGameDialog.tsx". Does the file exist?
[2026-08-25T21:57:49.723Z] Plugin: vite:import-analysis
[2026-08-25T21:57:49.723Z] File: /home/ubuntu/asternal-engine-manus/src/components/engine/PublishGameDialog.tsx:7:28
[2026-08-25T21:57:49.723Z] 7  |  import { Upload, Loader2, CheckCircle2, ImagePlus, Images, X, GitFork, Sparkles, Move, RotateCcw } from "lucide-react";
[2026-08-25T21:57:49.723Z] 8  |  import { supabase } from "@/integrations/supabase/client";
[2026-08-25T21:57:49.723Z] 9  |  import { useNavigate } from "@tanstack/react-router";
[2026-08-25T21:57:49.723Z] |                               ^
[2026-08-25T21:57:49.723Z] 10 |  import { coverFrameStyle, DEFAULT_COVER_FRAME, normaliseCoverFrame } from "@/lib/social/cover-frame";
[2026-08-25T21:57:49.723Z] 11 |  export function PublishGameDialog({
[2026-08-25T21:57:49.810Z] 9:57:49 PM [vite] (client) Pre-transform error: Failed to resolve import "@tanstack/react-router" from "src/components/social/GlobalSearchPanel.tsx". Does the file exist?
[2026-08-25T21:57:49.810Z] Plugin: vite:import-analysis
[2026-08-25T21:57:49.810Z] File: /home/ubuntu/asternal-engine-manus/src/components/social/GlobalSearchPanel.tsx:5:32
[2026-08-25T21:57:49.810Z] 4  |  import { Avatar } from "./Avatar";
[2026-08-25T21:57:49.810Z] 5  |  import { motion } from "framer-motion";
[2026-08-25T21:57:49.810Z] 6  |  import { Link, useRouter } from "@tanstack/react-router";
[2026-08-25T21:57:49.811Z] |                                   ^
[2026-08-25T21:57:49.811Z] 7  |  import {
[2026-08-25T21:57:49.811Z] 8  |    Search,
[2026-08-25T21:57:49.826Z] 9:57:49 PM [vite] (client) Pre-transform error: Failed to resolve import "@supabase/supabase-js" from "src/integrations/supabase/client.ts". Does the file exist?
[2026-08-25T21:57:49.826Z] Plugin: vite:import-analysis
[2026-08-25T21:57:49.826Z] File: /home/ubuntu/asternal-engine-manus/src/integrations/supabase/client.ts:9:29
[2026-08-25T21:57:49.826Z] 1  |  import { createClient } from "@supabase/supabase-js";
[2026-08-25T21:57:49.826Z] |                                ^
[2026-08-25T21:57:49.826Z] 2  |  function uid() {
[2026-08-25T21:57:49.826Z] 3  |    return crypto.randomUUID();
[2026-08-25T21:57:49.826Z] 9:57:49 PM [vite] (client) Pre-transform error: Failed to resolve import "@supabase/supabase-js" from "src/integrations/supabase/client.ts". Does the file exist?
[2026-08-25T21:57:49.826Z] Plugin: vite:import-analysis
[2026-08-25T21:57:49.826Z] File: /home/ubuntu/asternal-engine-manus/src/integrations/supabase/client.ts:9:29
[2026-08-25T21:57:49.826Z] 1  |  import { createClient } from "@supabase/supabase-js";
[2026-08-25T21:57:49.826Z] |                                ^
[2026-08-25T21:57:49.826Z] 2  |  function uid() {
[2026-08-25T21:57:49.826Z] 3  |    return crypto.randomUUID();
[2026-08-25T21:57:49.826Z] 9:57:49 PM [vite] (client) Pre-transform error: Failed to resolve import "@supabase/supabase-js" from "src/integrations/supabase/client.ts". Does the file exist?
[2026-08-25T21:57:49.826Z] Plugin: vite:import-analysis
[2026-08-25T21:57:49.826Z] File: /home/ubuntu/asternal-engine-manus/src/integrations/supabase/client.ts:9:29
[2026-08-25T21:57:49.826Z] 1  |  import { createClient } from "@supabase/supabase-js";
[2026-08-25T21:57:49.826Z] |                                ^
[2026-08-25T21:57:49.826Z] 2  |  function uid() {
[2026-08-25T21:57:49.826Z] 3  |    return crypto.randomUUID();
[2026-08-25T21:57:49.826Z] 9:57:49 PM [vite] (client) Pre-transform error: Failed to resolve import "@supabase/supabase-js" from "src/integrations/supabase/client.ts". Does the file exist?
[2026-08-25T21:57:49.826Z] Plugin: vite:import-analysis
[2026-08-25T21:57:49.826Z] File: /home/ubuntu/asternal-engine-manus/src/integrations/supabase/client.ts:9:29
[2026-08-25T21:57:49.826Z] 1  |  import { createClient } from "@supabase/supabase-js";
[2026-08-25T21:57:49.826Z] |                                ^
[2026-08-25T21:57:49.826Z] 2  |  function uid() {
[2026-08-25T21:57:49.826Z] 3  |    return crypto.randomUUID();
[2026-08-25T21:57:49.826Z] 9:57:49 PM [vite] (client) Pre-transform error: Failed to resolve import "@supabase/supabase-js" from "src/integrations/supabase/client.ts". Does the file exist?
[2026-08-25T21:57:49.826Z] Plugin: vite:import-analysis
[2026-08-25T21:57:49.826Z] File: /home/ubuntu/asternal-engine-manus/src/integrations/supabase/client.ts:9:29
[2026-08-25T21:57:49.826Z] 1  |  import { createClient } from "@supabase/supabase-js";
[2026-08-25T21:57:49.826Z] |                                ^
[2026-08-25T21:57:49.826Z] 2  |  function uid() {
[2026-08-25T21:57:49.826Z] 3  |    return crypto.randomUUID();
[2026-08-25T21:57:49.826Z] 9:57:49 PM [vite] (client) Pre-transform error: Failed to resolve import "@supabase/supabase-js" from "src/integrations/supabase/client.ts". Does the file exist?
[2026-08-25T21:57:49.826Z] Plugin: vite:import-analysis
[2026-08-25T21:57:49.826Z] File: /home/ubuntu/asternal-engine-manus/src/integrations/supabase/client.ts:9:29
[2026-08-25T21:57:49.826Z] 1  |  import { createClient } from "@supabase/supabase-js";
[2026-08-25T21:57:49.826Z] |                                ^
[2026-08-25T21:57:49.826Z] 2  |  function uid() {
[2026-08-25T21:57:49.826Z] 3  |    return crypto.randomUUID();
[2026-08-25T21:57:49.826Z] 9:57:49 PM [vite] (client) Pre-transform error: Failed to resolve import "@supabase/supabase-js" from "src/integrations/supabase/client.ts". Does the file exist?
[2026-08-25T21:57:49.826Z] Plugin: vite:import-analysis
[2026-08-25T21:57:49.826Z] File: /home/ubuntu/asternal-engine-manus/src/integrations/supabase/client.ts:9:29
[2026-08-25T21:57:49.826Z] 1  |  import { createClient } from "@supabase/supabase-js";
[2026-08-25T21:57:49.826Z] |                                ^
[2026-08-25T21:57:49.826Z] 2  |  function uid() {
[2026-08-25T21:57:49.826Z] 3  |    return crypto.randomUUID();
[2026-08-25T21:57:50.356Z] 9:57:50 PM [vite] (client) ✨ new dependencies optimized: sonner, lucide-react, @radix-ui/react-alert-dialog, vaul, @radix-ui/react-dialog, clsx, tailwind-merge, @radix-ui/react-slot, class-variance-authority
[2026-08-25T21:57:50.356Z] 9:57:50 PM [vite] (client) ✨ optimized dependencies changed. reloading
[2026-08-25T22:04:55.344Z] 10:04:55 PM [vite] server/_core/llm.ts changed, restarting server...
[2026-08-25T22:04:55.348Z] failed to load config from /home/ubuntu/asternal-engine-manus/vite.config.ts
[2026-08-25T22:04:55.348Z] 10:04:55 PM [vite] Cannot find module '/home/ubuntu/asternal-engine-manus/node_modules/.pnpm/vite@7.1.9_@types+node@24.7.0_jiti@2.6.1_lightningcss@1.30.1_tsx@4.20.6/node_modules/vite/misc/true.js' imported from /home/ubuntu/asternal-engine-manus/node_modules/.pnpm/vite@7.1.9_@types+node@24.7.0_jiti@2.6.1_lightningcss@1.30.1_tsx@4.20.6/node_modules/vite/dist/node/chunks/dep-Chhhsdoe.js
[2026-08-25T22:04:55.348Z] 10:04:55 PM [vite] server restart failed
[2026-08-25T22:05:10.473Z] ELIFECYCLE  Command failed.
[2026-08-25T22:05:10.478Z] Dev server exited with code -1
[2026-08-25T22:05:11.569Z] Starting dev server with command: pnpm run dev
[2026-08-25T22:05:12.143Z] ✓ Lockfile passes supply-chain policies (verified 1m ago)
[2026-08-25T22:05:12.147Z] Lockfile is up to date, resolution step is skipped
[2026-08-25T22:05:12.189Z] Already up to date
[2026-08-25T22:05:12.743Z] Done in 888ms using pnpm v11.21.0
[2026-08-25T22:05:12.762Z] $ vite --host
[2026-08-25T22:05:12.972Z] 10:05:12 PM [vite] (client) Re-optimizing dependencies because lockfile has changed
[2026-08-25T22:05:12.989Z] VITE v7.3.6  ready in 204 ms
[2026-08-25T22:05:12.989Z] ➜  Local:   http://localhost:5173/
[2026-08-25T22:05:12.989Z] ➜  Network: http://169.254.0.21:5173/
[2026-08-25T22:13:03.512Z] 10:13:03 PM [vite] (client) hmr update /src/styles.css, /src/routes/index.tsx, /src/components/social/PostComposer.tsx, /src/components/engine/PublishGameDialog.tsx
[2026-08-25T22:13:07.901Z] 10:13:07 PM [vite] (client) hmr update /src/routes/feed.tsx, /src/styles.css
[2026-08-25T22:17:55.199Z] 10:17:55 PM [vite] (client) hmr update /src/styles.css, /src/routes/index.tsx, /src/components/social/PostComposer.tsx, /src/components/engine/PublishGameDialog.tsx, /src/routes/feed.tsx
[2026-08-25T22:25:31.369Z] 10:25:31 PM [vite] (client) hmr update /src/styles.css, /src/routes/index.tsx, /src/components/social/PostComposer.tsx, /src/components/engine/PublishGameDialog.tsx, /src/routes/feed.tsx
[2026-08-25T22:26:03.345Z] [ELIFECYCLE] Command failed.
[2026-08-25T22:26:03.353Z] Dev server exited with code -1
[2026-08-25T22:26:04.438Z] Starting dev server with command: pnpm run dev
[2026-08-25T22:26:04.703Z] $ vite --host
[2026-08-25T22:26:04.921Z] VITE v7.3.6  ready in 192 ms
[2026-08-25T22:26:04.921Z] ➜  Local:   http://localhost:5173/
[2026-08-25T22:26:04.921Z] ➜  Network: http://169.254.0.21:5173/
[2026-08-25T23:17:16.239Z] 11:17:16 PM [vite] server/_core/llm.ts changed, restarting server...
[2026-08-25T23:17:16.269Z] 11:17:16 PM [vite] server restarted.
[2026-08-25T23:29:09.428Z] 11:29:09 PM [vite] (client) hmr update /src/styles.css, /src/routes/index.tsx
[2026-08-25T23:29:15.365Z] 11:29:15 PM [vite] (client) hmr update /src/styles.css, /src/routes/feed.tsx
[2026-08-25T23:33:33.052Z] 11:33:33 PM [vite] (client) hmr update /src/styles.css, /src/components/social/HistorySection.tsx, /src/components/social/GameCard.tsx
[2026-08-25T23:33:41.300Z] 11:33:41 PM [vite] (client) hmr update /src/styles.css, /src/components/social/HistorySection.tsx
[2026-08-25T23:33:58.176Z] 11:33:58 PM [vite] (client) hmr update /src/styles.css, /src/components/social/HistorySection.tsx, /src/components/social/GameCard.tsx
[2026-08-25T23:34:41.951Z] 11:34:41 PM [vite] (client) hmr update /src/styles.css, /src/components/social/HistorySection.tsx, /src/components/social/GameCard.tsx
[2026-08-26T02:13:22.984Z] Starting dev server with command: pnpm run dev
[2026-08-26T02:13:23.241Z] $ vite --host
[2026-08-26T02:13:23.456Z] 2:13:23 AM [vite] (client) Re-optimizing dependencies because vite config has changed
[2026-08-26T02:13:23.478Z] VITE v7.3.6  ready in 213 ms
[2026-08-26T02:13:23.478Z] ➜  Local:   http://localhost:5173/
[2026-08-26T02:13:23.478Z] ➜  Network: http://169.254.0.21:5173/
[2026-08-26T02:14:44.196Z] 2:14:44 AM [vite] (client) page reload .builda-agent/sdk/web/builda-dev-shell.html
[2026-08-26T02:22:38.689Z] 2:22:38 AM [vite] (client) hmr update /src/styles.css, /src/components/ai/OrionPanel.tsx
[2026-08-26T04:25:50.813Z] 4:25:50 AM [vite] (client) hmr update /src/styles.css
[2026-08-26T04:26:06.341Z] 4:26:06 AM [vite] (client) hmr update /src/styles.css
[2026-08-26T04:26:32.071Z] 4:26:32 AM [vite] (client) hmr update /src/styles.css
[2026-08-26T04:27:27.967Z] 4:27:27 AM [vite] (client) hmr update /src/styles.css
[2026-08-26T04:30:10.714Z] 4:30:10 AM [vite] (client) hmr update /src/glass-intensity.css, /src/styles.css
[2026-08-26T04:31:27.174Z] 4:31:27 AM [vite] (client) hmr update /src/routes/auth.tsx, /src/styles.css
[2026-08-26T04:31:41.700Z] 4:31:41 AM [vite] (client) hmr update /src/styles.css
[2026-08-26T04:33:28.057Z] 4:33:28 AM [vite] (client) hmr update /src/styles.css, /src/components/social/SearchSection.tsx
[2026-08-26T04:34:31.754Z] 4:34:31 AM [vite] (client) hmr update /src/styles.css, /src/components/social/SearchSection.tsx
[2026-08-26T04:34:50.272Z] 4:34:50 AM [vite] (client) hmr update /src/styles.css, /src/components/engine/PaintEditor.tsx
[2026-08-26T04:36:04.100Z] 4:36:04 AM [vite] (client) hmr update /src/styles.css, /src/components/social/SearchSection.tsx
[2026-08-26T19:11:37.925Z] 7:11:37 PM [vite] (client) hmr update /src/styles.css, /src/components/social/GameCard.tsx
[2026-08-26T19:12:05.696Z] 7:12:05 PM [vite] (client) hmr update /src/styles.css, /src/components/social/GamesHome.tsx
[2026-08-26T19:12:16.795Z] 7:12:16 PM [vite] (client) hmr update /src/components/social/PostCard.tsx, /src/styles.css
[2026-08-26T19:13:06.352Z] 7:13:06 PM [vite] (client) hmr update /src/glass-intensity.css, /src/styles.css
[2026-08-26T19:13:33.427Z] 7:13:33 PM [vite] (client) hmr update /src/routes/plus.tsx, /src/styles.css
[2026-08-26T19:14:14.780Z] 7:14:14 PM [vite] (client) hmr update /src/styles.css, /src/components/social/ProfilePanel.tsx
[2026-08-26T19:14:31.169Z] 7:14:31 PM [vite] (client) hmr update /src/styles.css, /src/components/social/SearchSection.tsx
[2026-08-26T19:15:42.110Z] 7:15:42 PM [vite] (client) hmr update /src/routes/plus.tsx, /src/styles.css
[2026-08-26T19:15:54.175Z] 7:15:54 PM [vite] (client) hmr update /src/styles.css, /src/components/social/ProfilePanel.tsx
[2026-08-26T19:16:47.910Z] 7:16:47 PM [vite] (client) hmr update /src/styles.css, /src/components/social/GamesHome.tsx
[2026-08-26T19:26:08.504Z] 7:26:08 PM [vite] (client) hmr update /src/routes/index.tsx, /src/styles.css
[2026-08-26T19:26:19.428Z] 7:26:19 PM [vite] (client) hmr update /src/components/social/NotificationBell.tsx, /src/styles.css
[2026-08-26T19:31:04.158Z] 7:31:04 PM [vite] (client) hmr update /src/components/social/NotificationBell.tsx, /src/styles.css
[2026-08-26T19:31:11.621Z] 7:31:11 PM [vite] (client) hmr update /src/styles.css, /src/components/social/NotificationsPanel.tsx
[2026-08-26T19:38:27.927Z] 7:38:27 PM [vite] (client) hmr update /src/styles.css, /src/components/social/NotificationsPanel.tsx
[2026-08-26T19:38:35.410Z] 7:38:35 PM [vite] (client) hmr update /src/components/social/NotificationBell.tsx, /src/styles.css
[2026-08-26T19:46:52.661Z] [ELIFECYCLE] Command failed.
[2026-08-26T19:46:52.666Z] Dev server exited with code -1
[2026-08-26T19:46:53.753Z] Starting dev server with command: pnpm run dev
[2026-08-26T19:46:54.045Z] $ vite --host
[2026-08-26T19:46:54.277Z] VITE v7.3.6  ready in 207 ms
[2026-08-26T19:46:54.277Z] ➜  Local:   http://localhost:5173/
[2026-08-26T19:46:54.277Z] ➜  Network: http://169.254.0.21:5173/
[2026-08-26T20:11:58.536Z] 8:11:58 PM [vite] (client) hmr update /src/routes/profile.tsx, /src/styles.css
[2026-08-26T20:16:28.929Z] [ELIFECYCLE] Command failed.
[2026-08-26T20:16:28.933Z] Dev server exited with code -1
[2026-08-26T20:16:30.022Z] Starting dev server with command: pnpm run dev
[2026-08-26T20:16:30.319Z] $ vite --host
[2026-08-26T20:16:30.574Z] 8:16:30 PM [vite] (client) Re-optimizing dependencies because lockfile has changed
[2026-08-26T20:16:30.601Z] VITE v7.3.6  ready in 254 ms
[2026-08-26T20:16:30.601Z] ➜  Local:   http://localhost:5173/
[2026-08-26T20:16:30.601Z] ➜  Network: http://169.254.0.21:5173/
[2026-08-26T20:22:42.352Z] 8:22:42 PM [vite] (client) hmr update /src/routes/auth.tsx, /src/styles.css
[2026-08-26T20:22:54.157Z] 8:22:54 PM [vite] (client) hmr update /src/routes/auth.tsx, /src/styles.css
[2026-08-26T20:24:00.002Z] 8:24:00 PM [vite] (client) hmr update /src/routes/profile.tsx, /src/styles.css
[2026-08-26T20:28:19.796Z] 8:28:19 PM [vite] (client) hmr update /src/routes/auth.tsx, /src/styles.css
[2026-08-26T20:33:55.197Z] 8:33:55 PM [vite] (client) hmr update /src/styles.css, /src/routes/auth.tsx
[2026-08-26T20:38:52.873Z] 8:38:52 PM [vite] (client) hmr update /src/routes/index.tsx, /src/styles.css
[2026-08-26T20:47:59.816Z] 8:47:59 PM [vite] (client) hmr update /src/styles.css, /src/routes/auth.tsx
[2026-08-26T21:10:03.764Z] 9:10:03 PM [vite] (client) hmr update /src/styles.css, /src/routes/index.tsx, /src/components/social/StoreSection.tsx, /src/components/engine/AsternalEditor.tsx, /src/components/engine/ProjectManager.tsx, /src/components/social/GameCard.tsx, /src/components/social/GlobalSearchPanel.tsx
[2026-08-26T21:10:19.325Z] 9:10:19 PM [vite] (client) hmr update /src/styles.css, /src/components/engine/AsternalEditor.tsx
[2026-08-26T21:10:28.491Z] 9:10:28 PM [vite] (client) hmr update /src/styles.css, /src/components/engine/ProjectManager.tsx
[2026-08-26T21:11:03.379Z] 9:11:03 PM [vite] (client) hmr update /src/styles.css, /src/routes/index.tsx, /src/components/social/StoreSection.tsx, /src/components/engine/AsternalEditor.tsx, /src/components/engine/ProjectManager.tsx
[2026-08-26T21:11:12.374Z] 9:11:12 PM [vite] (client) hmr update /src/styles.css, /src/routes/index.tsx, /src/components/social/StoreSection.tsx, /src/components/engine/AsternalEditor.tsx, /src/components/engine/ProjectManager.tsx
[2026-08-26T21:14:03.571Z] 9:14:03 PM [vite] (client) hmr update /src/styles.css, /src/components/engine/GameRuntime.tsx
[2026-08-26T21:14:09.501Z] 9:14:09 PM [vite] (client) hmr update /src/styles.css, /src/components/engine/GameRuntime.tsx
[2026-08-26T21:14:20.190Z] 9:14:20 PM [vite] (client) hmr update /src/styles.css, /src/components/engine/SceneEditor.tsx
[2026-08-26T21:14:31.666Z] 9:14:31 PM [vite] (client) hmr update /src/styles.css, /src/components/engine/SceneEditor.tsx
[2026-08-26T21:15:42.302Z] 9:15:42 PM [vite] (client) hmr update /src/styles.css, /src/components/engine/PaintEditor.tsx, /src/components/engine/AsternalEditor.tsx, /src/routes/index.tsx, /src/components/social/StoreSection.tsx, /src/components/engine/ProjectManager.tsx, /src/components/social/GameCard.tsx, /src/components/social/GlobalSearchPanel.tsx, /src/components/engine/SceneEditor.tsx, /src/components/engine/GameRuntime.tsx, /src/components/engine/AnimationEditor.tsx, /src/components/engine/UIEditor.tsx, /src/components/engine/ScriptEditor.tsx
[2026-08-26T21:16:16.921Z] 9:16:16 PM [vite] (client) hmr update /src/styles.css, /src/components/engine/GameRuntime.tsx, /src/components/engine/ScriptEditor.tsx
[2026-08-26T21:16:23.288Z] 9:16:23 PM [vite] (client) hmr update /src/styles.css, /src/components/engine/GameRuntime.tsx, /src/components/engine/ScriptEditor.tsx
[2026-08-26T21:16:29.981Z] 9:16:29 PM [vite] (client) hmr update /src/styles.css, /src/components/engine/GameRuntime.tsx
[2026-08-26T21:16:42.022Z] 9:16:42 PM [vite] (client) hmr update /src/styles.css, /src/components/engine/AsternalEditor.tsx
[2026-08-26T21:17:17.019Z] 9:17:17 PM [vite] (client) hmr update /src/styles.css, /src/components/engine/ScriptEditor.tsx
[2026-08-26T21:17:24.035Z] 9:17:24 PM [vite] (client) hmr update /src/styles.css, /src/components/engine/ScriptEditor.tsx
[2026-08-26T21:17:49.517Z] 9:17:49 PM [vite] (client) hmr update /src/styles.css, /src/components/engine/AsternalEditor.tsx
[2026-08-26T21:18:04.744Z] 9:18:04 PM [vite] (client) hmr update /src/styles.css, /src/components/engine/AsternalEditor.tsx
[2026-08-26T21:18:38.221Z] 9:18:38 PM [vite] (client) hmr update /src/styles.css, /src/components/engine/ScriptEditor.tsx
[2026-08-26T21:21:08.933Z] 9:21:08 PM [vite] (client) hmr update /src/styles.css, /src/components/engine/ScriptEditor.tsx
[2026-08-26T21:21:55.930Z] 9:21:55 PM [vite] (client) hmr update /src/styles.css, /src/components/engine/GameRuntime.tsx, /src/components/engine/ScriptEditor.tsx
[2026-08-26T21:22:03.054Z] 9:22:03 PM [vite] (client) hmr update /src/styles.css, /src/components/engine/ScriptEditor.tsx
[2026-08-26T21:22:46.400Z] 9:22:46 PM [vite] (client) hmr update /src/styles.css, /src/components/engine/AsternalEditor.tsx
[2026-08-26T21:23:40.736Z] 9:23:40 PM [vite] (client) hmr update /src/styles.css, /src/components/engine/AsternalEditor.tsx
[2026-08-26T21:23:45.137Z] 9:23:45 PM [vite] (client) hmr update /src/main.tsx, /src/styles.css
[2026-08-26T21:24:37.071Z] 9:24:37 PM [vite] (client) hmr update /src/styles.css, /src/components/engine/PaintEditor.tsx, /src/components/engine/AsternalEditor.tsx, /src/routes/index.tsx, /src/components/social/StoreSection.tsx, /src/components/engine/ProjectManager.tsx, /src/components/social/GameCard.tsx, /src/components/social/GlobalSearchPanel.tsx, /src/components/engine/SceneEditor.tsx, /src/components/engine/GameRuntime.tsx, /src/components/engine/AnimationEditor.tsx, /src/components/engine/UIEditor.tsx, /src/components/engine/ScriptEditor.tsx
[2026-08-26T21:25:23.409Z] 9:25:23 PM [vite] (client) hmr update /src/styles.css, /src/components/engine/AsternalEditor.tsx
[2026-08-26T21:25:35.462Z] 9:25:35 PM [vite] (client) hmr update /src/styles.css, /src/components/engine/GameRuntime.tsx
[2026-08-26T21:26:13.640Z] 9:26:13 PM [vite] (client) hmr update /src/styles.css, /src/components/engine/PaintEditor.tsx, /src/components/engine/AsternalEditor.tsx, /src/routes/index.tsx, /src/components/social/StoreSection.tsx, /src/components/engine/ProjectManager.tsx, /src/components/social/GameCard.tsx, /src/components/social/GlobalSearchPanel.tsx, /src/components/engine/SceneEditor.tsx, /src/components/engine/GameRuntime.tsx, /src/components/engine/AnimationEditor.tsx, /src/components/engine/UIEditor.tsx, /src/components/engine/ScriptEditor.tsx
[2026-08-26T21:26:21.655Z] 9:26:21 PM [vite] (client) hmr update /src/styles.css, /src/components/engine/GameRuntime.tsx
[2026-08-26T21:26:32.038Z] 9:26:32 PM [vite] (client) hmr update /src/styles.css, /src/components/engine/AsternalEditor.tsx
[2026-08-26T21:26:57.725Z] 9:26:57 PM [vite] (client) hmr update /src/styles.css, /src/components/engine/GameRuntime.tsx
[2026-08-26T21:52:30.529Z] 9:52:30 PM [vite] (client) hmr update /src/styles.css, /src/routes/index.tsx, /src/components/social/StoreSection.tsx, /src/components/engine/AsternalEditor.tsx, /src/components/engine/ProjectManager.tsx
[2026-08-26T21:52:44.076Z] 9:52:44 PM [vite] (client) hmr update /src/styles.css, /src/components/engine/ProjectManager.tsx
[2026-08-26T21:52:55.184Z] 9:52:55 PM [vite] (client) hmr update /src/styles.css, /src/components/engine/ProjectManager.tsx
[2026-08-26T21:53:04.034Z] 9:53:04 PM [vite] (client) hmr update /src/styles.css, /src/components/engine/ProjectManager.tsx
[2026-08-26T23:08:06.264Z] Starting dev server with command: pnpm run dev
[2026-08-26T23:08:06.537Z] $ vite --host
[2026-08-26T23:08:06.749Z] 11:08:06 PM [vite] (client) Re-optimizing dependencies because vite config has changed
[2026-08-26T23:08:06.769Z] VITE v7.3.6  ready in 206 ms
[2026-08-26T23:08:06.769Z] ➜  Local:   http://localhost:5173/
[2026-08-26T23:08:06.770Z] ➜  Network: http://169.254.0.21:5173/
[2026-08-26T23:13:05.595Z] 11:13:05 PM [vite] (client) hmr update /src/styles.css, /src/routes/auth.tsx, /src/routes/profile.$userId.tsx, /src/routes/index.tsx, /src/routes/profile.tsx, /src/routes/reset-password.tsx, /src/routes/plus.tsx, /src/routes/feed.tsx, /src/routes/orbes.tsx, /src/routes/admin.tsx, /src/routes/about.tsx, /src/components/social/PostComposer.tsx, /src/components/engine/PublishGameDialog.tsx, /src/components/social/ProfilePanel.tsx, /src/components/social/SearchSection.tsx, /src/components/social/NotificationBell.tsx, /src/components/social/PostCard.tsx, /src/components/social/GamesHome.tsx, /src/components/social/ChatSection.tsx, /src/components/social/StoreSection.tsx, /src/components/social/EventsSection.tsx, /src/components/social/GamePageSection.tsx, /src/components/social/GlobalSearchPanel.tsx, /src/components/social/SharePostModal.tsx, /src/components/social/WorkChatPanel.tsx, /src/components/social/SharePortfolioModal.tsx, /src/components/engine/AsternalEditor.tsx, /src/components/engine/ProjectManager.tsx, /src/components/social/HistorySection.tsx, /src/components/social/GameCard.tsx, /src/components/social/UserName.tsx, /src/components/social/CommentSection.tsx, /src/components/social/TrustPointsHistory.tsx, /src/components/social/NotificationsPanel.tsx
[2026-08-26T23:25:56.214Z] 11:25:56 PM [vite] (client) hmr update /src/styles.css, /src/routes/index.tsx, /src/components/social/StoreSection.tsx, /src/components/engine/AsternalEditor.tsx, /src/components/engine/ProjectManager.tsx
[2026-08-26T23:26:30.932Z] 11:26:30 PM [vite] (client) hmr update /src/styles.css, /src/routes/index.tsx, /src/components/social/StoreSection.tsx, /src/components/engine/AsternalEditor.tsx, /src/components/engine/ProjectManager.tsx, /src/components/social/GameCard.tsx, /src/components/social/GlobalSearchPanel.tsx
[2026-08-26T23:26:40.368Z] 11:26:40 PM [vite] (client) hmr update /src/styles.css, /src/routes/index.tsx, /src/components/social/StoreSection.tsx, /src/components/engine/AsternalEditor.tsx, /src/components/engine/ProjectManager.tsx
[2026-08-26T23:26:50.986Z] 11:26:50 PM [vite] (client) hmr update /src/styles.css, /src/components/engine/ProjectManager.tsx
[2026-08-26T23:28:13.736Z] 11:28:13 PM [vite] (client) hmr update /src/styles.css, /src/routes/index.tsx, /src/components/social/StoreSection.tsx, /src/components/engine/AsternalEditor.tsx, /src/components/engine/ProjectManager.tsx
[2026-08-26T23:28:19.153Z] 11:28:19 PM [vite] (client) hmr update /src/styles.css, /src/components/engine/ProjectManager.tsx
[2026-08-26T23:33:15.369Z] 11:33:15 PM [vite] (client) hmr update /src/styles.css, /src/components/engine/ProjectManager.tsx
[2026-08-26T23:41:03.656Z] 11:41:03 PM [vite] (client) hmr update /src/glass-intensity.css, /src/styles.css
[2026-08-26T23:41:15.390Z] 11:41:15 PM [vite] (client) hmr update /src/glass-intensity.css, /src/styles.css
[2026-08-26T23:41:31.861Z] 11:41:31 PM [vite] (client) hmr update /src/glass-intensity.css, /src/styles.css
[2026-08-26T23:42:29.344Z] 11:42:29 PM [vite] (client) hmr update /src/glass-intensity.css, /src/styles.css
